AMP_CODE,PRV_CODE,region_th,PRVNAME_T,PRVNAME_E,AMP_NAME_T,AMP_NAME_E
1001,10,ภาคกลาง,กรุงเทพมหานคร,BANGKOK,พระนคร,Phra Nakhon
1002,10,ภาคกลาง,กรุงเทพมหานคร,BANGKOK,ป้อมปราบศัตรูพ่าย,Pom Prap Sattruphai
1003,10,ภาคกลาง,กรุงเทพมหานคร,BANGKOK,สัมพันธวงศ์,Samphanthawong
1004,10,ภาคกลาง,กรุงเทพมหานคร,BANGKOK,ปทุมวัน,Pathum Wan
1005,10,ภาคกลาง,กรุงเทพมหานคร,BANGKOK,บางรัก,Bang Rak
1006,10,ภาคกลาง,กรุงเทพมหานคร,BANGKOK,ยานนาวา,Yannawa
1007,10,ภาคกลาง,กรุงเทพมหานคร,BANGKOK,สาทร,Sa Thon
1008,10,ภาคกลาง,กรุงเทพมหานคร,BANGKOK,บางคอแหลม,Bang Kho Laem
1009,10,ภาคกลาง,กรุงเทพมหานคร,BANGKOK,ดุสิต,Dusit
1010,10,ภาคกลาง,กรุงเทพมหานคร,BANGKOK,บางซื่อ,Bang Su
1011,10,ภาคกลาง,กรุงเทพมหานคร,BANGKOK,พญาไท,Phaya Thai
1012,10,ภาคกลาง,กรุงเทพมหานคร,BANGKOK,ราชเทวี,Rat Thewi
1013,10,ภาคกลาง,กรุงเทพมหานคร,BANGKOK,ห้วยขวาง,Huai Khwang
1014,10,ภาคกลาง,กรุงเทพมหานคร,BANGKOK,ดินแดง,Din Daeng
1015,10,ภาคกลาง,กรุงเทพมหานคร,BANGKOK,พระโขนง,Phra Khanong
1016,10,ภาคกลาง,กรุงเทพมหานคร,BANGKOK,คลองเตย,Khlong Toei
1017,10,ภาคกลาง,กรุงเทพมหานคร,BANGKOK,ประเวศ,Prawet
1018,10,ภาคกลาง,กรุงเทพมหานคร,BANGKOK,สวนหลวง,Suan Luang
1019,10,ภาคกลาง,กรุงเทพมหานคร,BANGKOK,บางเขน,Bang Khen
1020,10,ภาคกลาง,กรุงเทพมหานคร,BANGKOK,ดอนเมือง,Don Maung
1021,10,ภาคกลาง,กรุงเทพมหานคร,BANGKOK,จตุจักร,Chatuchak
1022,10,ภาคกลาง,กรุงเทพมหานคร,BANGKOK,บางกะปิ,Bang Kapi
1023,10,ภาคกลาง,กรุงเทพมหานคร,BANGKOK,ลาดพร้าว,Lat Phrao
1024,10,ภาคกลาง,กรุงเทพมหานคร,BANGKOK,บึงกุ่ม,Bung Kum
1025,10,ภาคกลาง,กรุงเทพมหานคร,BANGKOK,หนองจอก,Nong Chok
1026,10,ภาคกลาง,กรุงเทพมหานคร,BANGKOK,มีนบุรี,Min Buri
1027,10,ภาคกลาง,กรุงเทพมหานคร,BANGKOK,ลาดกระบัง,Lat Krabang
1028,10,ภาคกลาง,กรุงเทพมหานคร,BANGKOK,ธนบุรี,Thon Buri
1029,10,ภาคกลาง,กรุงเทพมหานคร,BANGKOK,คลองสาน,Khlong San
1030,10,ภาคกลาง,กรุงเทพมหานคร,BANGKOK,บางกอกน้อย,Bangkok Noi
1031,10,ภาคกลาง,กรุงเทพมหานคร,BANGKOK,บางพลัด,Bang Phlat
1032,10,ภาคกลาง,กรุงเทพมหานคร,BANGKOK,บางกอกใหญ่,Bangkok Yai
1033,10,ภาคกลาง,กรุงเทพมหานคร,BANGKOK,ภาษีเจริญ,Phasi Charoen
1034,10,ภาคกลาง,กรุงเทพมหานคร,BANGKOK,บางขุนเทียน,Bang Khun Thian
1035,10,ภาคกลาง,กรุงเทพมหานคร,BANGKOK,จอมทอง,Chom Thong
1036,10,ภาคกลาง,กรุงเทพมหานคร,BANGKOK,ตลิ่งชัน,Taling Chan
1037,10,ภาคกลาง,กรุงเทพมหานคร,BANGKOK,ราษฎร์บูรณะ,Rat Burana
1038,10,ภาคกลาง,กรุงเทพมหานคร,BANGKOK,หนองแขม,Nong Khaem
1039,10,ภาคกลาง,กรุงเทพมหานคร,BANGKOK,วัฒนา,Watthana
1040,10,ภาคกลาง,กรุงเทพมหานคร,BANGKOK,บางแค,Bang Khae
1041,10,ภาคกลาง,กรุงเทพมหานคร,BANGKOK,หลักสี่,Lak Si
1042,10,ภาคกลาง,กรุงเทพมหานคร,BANGKOK,สายไหม,Sai Mai
1043,10,ภาคกลาง,กรุงเทพมหานคร,BANGKOK,คันนายาว,Khanna Yao
1044,10,ภาคกลาง,กรุงเทพมหานคร,BANGKOK,สะพานสูง,Saphan Sung
1045,10,ภาคกลาง,กรุงเทพมหานคร,BANGKOK,วังทองหลาง,Wang Thong Lang
1046,10,ภาคกลาง,กรุงเทพมหานคร,BANGKOK,คลองสามวา,Khlong Sam Wa
1047,10,ภาคกลาง,กรุงเทพมหานคร,BANGKOK,บางนา,Bang Na
1048,10,ภาคกลาง,กรุงเทพมหานคร,BANGKOK,ทวีวัฒนา,Thawi Watthana
1049,10,ภาคกลาง,กรุงเทพมหานคร,BANGKOK,ทุ่งครุ,Thung Khu
1050,10,ภาคกลาง,กรุงเทพมหานคร,BANGKOK,บางบอน,Bang Bon
1101,11,ภาคกลาง,สมุทรปราการ,SAMUT PRAKAN,เมืองสมุทรปราการ,Mueang Samut Prakan
1102,11,ภาคกลาง,สมุทรปราการ,SAMUT PRAKAN,บางบ่อ,Bang Bo
1103,11,ภาคกลาง,สมุทรปราการ,SAMUT PRAKAN,บางพลี,Bang Phli
1104,11,ภาคกลาง,สมุทรปราการ,SAMUT PRAKAN,พระประแดง,Phra Pradaeng
1105,11,ภาคกลาง,สมุทรปราการ,SAMUT PRAKAN,พระสมุทรเจดีย์,Phra Samut Chedi
1106,11,ภาคกลาง,สมุทรปราการ,SAMUT PRAKAN,บางเสาธง,Bang Sao Thong
1201,12,ภาคกลาง,นนทบุรี,NONTHABURI,เมืองนนทบุรี,Mueang Nonthaburi
1202,12,ภาคกลาง,นนทบุรี,NONTHABURI,บางกรวย,Bang Kruai
1203,12,ภาคกลาง,นนทบุรี,NONTHABURI,บางใหญ่,Bang Yai
1204,12,ภาคกลาง,นนทบุรี,NONTHABURI,บางบัวทอง,Bang Bua Thong
1205,12,ภาคกลาง,นนทบุรี,NONTHABURI,ไทรน้อย,Sai Noi
1206,12,ภาคกลาง,นนทบุรี,NONTHABURI,ปากเกร็ด,Pak Kret
1301,13,ภาคกลาง,ปทุมธานี,PATHUM THANI,เมืองปทุมธานี,Mueang Pathum Thani
1302,13,ภาคกลาง,ปทุมธานี,PATHUM THANI,คลองหลวง,Khlong Luang
1303,13,ภาคกลาง,ปทุมธานี,PATHUM THANI,ธัญบุรี,Thanyaburi
1304,13,ภาคกลาง,ปทุมธานี,PATHUM THANI,หนองเสือ,Nong Suea
1305,13,ภาคกลาง,ปทุมธานี,PATHUM THANI,ลาดหลุมแก้ว,Lat Lum Kaeo
1306,13,ภาคกลาง,ปทุมธานี,PATHUM THANI,ลำลูกกา,Lam Luk Ka
1307,13,ภาคกลาง,ปทุมธานี,PATHUM THANI,สามโคก,Sam Khok
1401,14,ภาคกลาง,พระนครศรีอยุธยา,PHRA NAKHON SI AYUTTHAYA,พระนครศรีอยุธยา,Phra Nakhon Si Ayutthaya
1402,14,ภาคกลาง,พระนครศรีอยุธยา,PHRA NAKHON SI AYUTTHAYA,ท่าเรือ,Tha Ruea
1403,14,ภาคกลาง,พระนครศรีอยุธยา,PHRA NAKHON SI AYUTTHAYA,นครหลวง,Nakhon Luang
1404,14,ภาคกลาง,พระนครศรีอยุธยา,PHRA NAKHON SI AYUTTHAYA,บางไทร,Bang Sai
1405,14,ภาคกลาง,พระนครศรีอยุธยา,PHRA NAKHON SI AYUTTHAYA,บางบาล,Bang Ban
1406,14,ภาคกลาง,พระนครศรีอยุธยา,PHRA NAKHON SI AYUTTHAYA,บางปะอิน,Bang Pa-In
1407,14,ภาคกลาง,พระนครศรีอยุธยา,PHRA NAKHON SI AYUTTHAYA,บางปะหัน,Bang Pahan
1408,14,ภาคกลาง,พระนครศรีอยุธยา,PHRA NAKHON SI AYUTTHAYA,ผักไห่,Phak Hai
1409,14,ภาคกลาง,พระนครศรีอยุธยา,PHRA NAKHON SI AYUTTHAYA,ภาชี,Phachi
1410,14,ภาคกลาง,พระนครศรีอยุธยา,PHRA NAKHON SI AYUTTHAYA,ลาดบัวหลวง,Lat Bua Luang
1411,14,ภาคกลาง,พระนครศรีอยุธยา,PHRA NAKHON SI AYUTTHAYA,วังน้อย,Wang Noi
1412,14,ภาคกลาง,พระนครศรีอยุธยา,PHRA NAKHON SI AYUTTHAYA,เสนา,Sena
1413,14,ภาคกลาง,พระนครศรีอยุธยา,PHRA NAKHON SI AYUTTHAYA,บางซ้าย,Bang Sai
1414,14,ภาคกลาง,พระนครศรีอยุธยา,PHRA NAKHON SI AYUTTHAYA,อุทัย,Uthai
1415,14,ภาคกลาง,พระนครศรีอยุธยา,PHRA NAKHON SI AYUTTHAYA,มหาราช,Maharat
1416,14,ภาคกลาง,พระนครศรีอยุธยา,PHRA NAKHON SI AYUTTHAYA,บ้านแพรก,Ban Phraek
1501,15,ภาคกลาง,อ่างทอง,ANG THONG,เมืองอ่างทอง,Mueang Ang Thong
1502,15,ภาคกลาง,อ่างทอง,ANG THONG,ไชโย,Chaiyo
1503,15,ภาคกลาง,อ่างทอง,ANG THONG,ป่าโมก,Pa Mok
1504,15,ภาคกลาง,อ่างทอง,ANG THONG,โพธิ์ทอง,Pho Thong
1505,15,ภาคกลาง,อ่างทอง,ANG THONG,แสวงหา,Sawaeng Ha
1506,15,ภาคกลาง,อ่างทอง,ANG THONG,วิเศษชัยชาญ,Wiset Chai Chan
1507,15,ภาคกลาง,อ่างทอง,ANG THONG,สามโก้ก,Sam Ko
1601,16,ภาคกลาง,ลพบุรี,LOP BURI,เมืองลพบุรี,Mueang Lop Buri
1602,16,ภาคกลาง,ลพบุรี,LOP BURI,พัฒนานิคม,Phatthana Nikhom
1603,16,ภาคกลาง,ลพบุรี,LOP BURI,โคกสำโรง,Khok Samrong
1604,16,ภาคกลาง,ลพบุรี,LOP BURI,ชัยบาดาล,Chai Badan
1605,16,ภาคกลาง,ลพบุรี,LOP BURI,ท่าวุ้ง,Tha Wung
1606,16,ภาคกลาง,ลพบุรี,LOP BURI,บ้านหมี่,Ban Mi
1607,16,ภาคกลาง,ลพบุรี,LOP BURI,ท่าหลวง,Tha Luang
1608,16,ภาคกลาง,ลพบุรี,LOP BURI,สระโบสถ์,Sa Bot
1609,16,ภาคกลาง,ลพบุรี,LOP BURI,โคกเจริญ,Khok Charoen
1610,16,ภาคกลาง,ลพบุรี,LOP BURI,ลำสนธิ,Lam Sonthi
1611,16,ภาคกลาง,ลพบุรี,LOP BURI,หนองม่วง,Nong Muang
1701,17,ภาคกลาง,สิงห์บุรี,SING BURI,เมืองสิงห์บุรี,Mueang Sing Buri
1702,17,ภาคกลาง,สิงห์บุรี,SING BURI,บางระจัน,Bang Rachan
1703,17,ภาคกลาง,สิงห์บุรี,SING BURI,ค่ายบางระจัน,Khai Bang Rachan
1704,17,ภาคกลาง,สิงห์บุรี,SING BURI,พรหมบุรี,Phrom Buri
1705,17,ภาคกลาง,สิงห์บุรี,SING BURI,ท่าช้าง,Tha Chang
1706,17,ภาคกลาง,สิงห์บุรี,SING BURI,อินทร์บุรี,In Buri
1801,18,ภาคกลาง,ชัยนาท,CHAI NAT,เมืองชัยนาท,Mueang Chai Nat
1802,18,ภาคกลาง,ชัยนาท,CHAI NAT,มโนรมย์,Manorom
1803,18,ภาคกลาง,ชัยนาท,CHAI NAT,วัดสิงห์,Wat Sing
1804,18,ภาคกลาง,ชัยนาท,CHAI NAT,สรรพยา,Sapphaya
1805,18,ภาคกลาง,ชัยนาท,CHAI NAT,สรรคบุรี,Sankha Buri
1806,18,ภาคกลาง,ชัยนาท,CHAI NAT,หันคา,Han Kha
1807,18,ภาคกลาง,ชัยนาท,CHAI NAT,หนองมะโมง,Nong Mamong
1808,18,ภาคกลาง,ชัยนาท,CHAI NAT,เนินขาม,Noen Kham
1901,19,ภาคกลาง,สระบุรี,SARABURI,เมืองสระบุรี,Mueang Saraburi
1902,19,ภาคกลาง,สระบุรี,SARABURI,แก่งคอย,Kaeng Khoi
1903,19,ภาคกลาง,สระบุรี,SARABURI,หนองแค,Nong Khae
1904,19,ภาคกลาง,สระบุรี,SARABURI,วิหารแดง,Wihan Daeng
1905,19,ภาคกลาง,สระบุรี,SARABURI,หนองแซง,Nong Saeng
1906,19,ภาคกลาง,สระบุรี,SARABURI,บ้านหมอ,Ban Mo
1907,19,ภาคกลาง,สระบุรี,SARABURI,ดอนพุด,Don Phut
1908,19,ภาคกลาง,สระบุรี,SARABURI,หนองโดน,Nong Don
1909,19,ภาคกลาง,สระบุรี,SARABURI,พระพุทธบาท,Phraphutthabat
1910,19,ภาคกลาง,สระบุรี,SARABURI,เสาไห้,Sao Hai
1911,19,ภาคกลาง,สระบุรี,SARABURI,มวกเหล็ก,Muak Lek
1912,19,ภาคกลาง,สระบุรี,SARABURI,วังม่วง,Wang Muang
1913,19,ภาคกลาง,สระบุรี,SARABURI,เฉลิมพระเกียรติ,Chaloem Phrakiat
2001,20,ภาคตะวันออก,ชลบุรี,CHON BURI,เมืองชลบุรี,Mueang Chon Buri
2002,20,ภาคตะวันออก,ชลบุรี,CHON BURI,บ้านบึง,Ban Bueng
2003,20,ภาคตะวันออก,ชลบุรี,CHON BURI,หนองใหญ่,Nong Yai
2004,20,ภาคตะวันออก,ชลบุรี,CHON BURI,บางละมุง,Bang Lamung
2005,20,ภาคตะวันออก,ชลบุรี,CHON BURI,พานทอง,Phan Thong
2006,20,ภาคตะวันออก,ชลบุรี,CHON BURI,พนัสนิคม,Phanat Nikhom
2007,20,ภาคตะวันออก,ชลบุรี,CHON BURI,ศรีราชา,Si Racha
2008,20,ภาคตะวันออก,ชลบุรี,CHON BURI,เกาะสีชัง,Ko Si Chang
2009,20,ภาคตะวันออก,ชลบุรี,CHON BURI,สัตหีบ,Sattahip
2010,20,ภาคตะวันออก,ชลบุรี,CHON BURI,บ่อทอง,Bo Thong
2011,20,ภาคตะวันออก,ชลบุรี,CHON BURI,เกาะจันทร์,Ko Chan
2101,20,ภาคตะวันออก,ระยอง,RAYONG,เมืองระยอง,Mueang Rayong
2102,21,ภาคตะวันออก,ระยอง,RAYONG,บ้านฉาง,Ban Chang
2103,21,ภาคตะวันออก,ระยอง,RAYONG,แกลง,Klaeng
2104,21,ภาคตะวันออก,ระยอง,RAYONG,วังจันทร์,Wang Chan
2105,21,ภาคตะวันออก,ระยอง,RAYONG,บ้านค่าย,Ban Khai
2106,21,ภาคตะวันออก,ระยอง,RAYONG,ปลวกแดง,Pluak Daeng
2107,21,ภาคตะวันออก,ระยอง,RAYONG,เขาชะเมา,Khao Chamao
2108,21,ภาคตะวันออก,ระยอง,RAYONG,นิคมพัฒนา,Nikhom Phatthana
2201,22,ภาคตะวันออก,จันทบุรี,CHANTHABURI,เมืองจันทบุรี,Mueang Chanthaburi
2202,22,ภาคตะวันออก,จันทบุรี,CHANTHABURI,ขลุง,Khlung
2203,22,ภาคตะวันออก,จันทบุรี,CHANTHABURI,ท่าใหม่,Tha Mai
2204,22,ภาคตะวันออก,จันทบุรี,CHANTHABURI,โป่งน้ำร้อน,Pong Nam Ron
2205,22,ภาคตะวันออก,จันทบุรี,CHANTHABURI,มะขาม,Makham
2206,22,ภาคตะวันออก,จันทบุรี,CHANTHABURI,แหลมสิงห์,Laem Sing
2207,22,ภาคตะวันออก,จันทบุรี,CHANTHABURI,สอยดาว,Soi Dao
2208,22,ภาคตะวันออก,จันทบุรี,CHANTHABURI,แก่งหางแมว,Kaeng Hang Maeo
2209,22,ภาคตะวันออก,จันทบุรี,CHANTHABURI,นายายอาม,Na Yai Am
2210,22,ภาคตะวันออก,จันทบุรี,CHANTHABURI,เขาคิชฌกูฏ,Khao Khitchakut
2301,23,ภาคตะวันออก,ตราด,TRAT,เมืองตราด,Mueang Trat
2302,23,ภาคตะวันออก,ตราด,TRAT,คลองใหญ่,Khlong Yai
2303,23,ภาคตะวันออก,ตราด,TRAT,เขาสมิง,Khao Saming
2304,23,ภาคตะวันออก,ตราด,TRAT,บ่อไร่,Bo Rai
2305,23,ภาคตะวันออก,ตราด,TRAT,แหลมงอบ,Laem Ngop
2306,23,ภาคตะวันออก,ตราด,TRAT,เกาะกูด,Ko Kut
2307,23,ภาคตะวันออก,ตราด,TRAT,เกาะช้าง,Ko Chang
2401,24,ภาคตะวันออก,ฉะเชิงเทรา,CHACHOENGSAO,เมืองฉะเชิงเทรา,Mueang Chachoengsao
2402,24,ภาคตะวันออก,ฉะเชิงเทรา,CHACHOENGSAO,บางคล้า,Bang Khla
2403,24,ภาคตะวันออก,ฉะเชิงเทรา,CHACHOENGSAO,บางน้ำเปรี้ยว,Bang Nam Priao
2404,24,ภาคตะวันออก,ฉะเชิงเทรา,CHACHOENGSAO,บางปะกง,Bang Pakong
2405,24,ภาคตะวันออก,ฉะเชิงเทรา,CHACHOENGSAO,บ้านโพธิ์,Ban Pho
2406,24,ภาคตะวันออก,ฉะเชิงเทรา,CHACHOENGSAO,พนมสารคาม,Phanom Sarakham
2407,24,ภาคตะวันออก,ฉะเชิงเทรา,CHACHOENGSAO,ราชสาส์น,Ratchasan
2408,24,ภาคตะวันออก,ฉะเชิงเทรา,CHACHOENGSAO,สนามชัยเขต,Sanam Chai Khet
2409,24,ภาคตะวันออก,ฉะเชิงเทรา,CHACHOENGSAO,แปลงยาว,Plaeng Yao
2410,24,ภาคตะวันออก,ฉะเชิงเทรา,CHACHOENGSAO,ท่าตะเกียบ,Tha Takiap
2411,24,ภาคตะวันออก,ฉะเชิงเทรา,CHACHOENGSAO,คลองเขื่อน,Khlong Khuean
2501,25,ภาคตะวันออก,ปราจีนบุรี,PRACHIN BURI,เมืองปราจีนบุรี,Mueang Prachin Buri
2502,25,ภาคตะวันออก,ปราจีนบุรี,PRACHIN BURI,กบินทร์บุรี,Kabin Buri
2503,25,ภาคตะวันออก,ปราจีนบุรี,PRACHIN BURI,นาดี,Na Di
2506,25,ภาคตะวันออก,ปราจีนบุรี,PRACHIN BURI,บ้านสร้าง,Ban Sang
2507,25,ภาคตะวันออก,ปราจีนบุรี,PRACHIN BURI,ประจันตคาม,Prachantakham
2508,25,ภาคตะวันออก,ปราจีนบุรี,PRACHIN BURI,ศรีมหาโพธิ,Si Mahapho
2509,25,ภาคตะวันออก,ปราจีนบุรี,PRACHIN BURI,ศรีมโหสถ,Si Mahosot
2601,26,ภาคตะวันออก,นครนายก,NAKHON NAYOK,เมืองนครนายก,Mueang Nakhon Nayok
2602,26,ภาคตะวันออก,นครนายก,NAKHON NAYOK,ปากพลี,Pak Phli
2603,26,ภาคตะวันออก,นครนายก,NAKHON NAYOK,บ้านนา,Ban Na
2604,26,ภาคตะวันออก,นครนายก,NAKHON NAYOK,องครักษ์,Ongkharak
2701,27,ภาคตะวันออก,สระแก้ว,SA KAEO,เมืองสระแก้ว,Mueang Sa Kaeo
2702,27,ภาคตะวันออก,สระแก้ว,SA KAEO,คลองหาด,Khlong Hat
2703,27,ภาคตะวันออก,สระแก้ว,SA KAEO,ตาพระยา,Ta Phraya
2704,27,ภาคตะวันออก,สระแก้ว,SA KAEO,วังน้ำเย็น,Wang Nam Yen
2705,27,ภาคตะวันออก,สระแก้ว,SA KAEO,วัฒนานคร,Watthana Nakhon
2706,27,ภาคตะวันออก,สระแก้ว,SA KAEO,อรัญประเทศ,Aranya Prathet
2707,27,ภาคตะวันออก,สระแก้ว,SA KAEO,เขาฉกรรจ์,Khao Chakan
2708,27,ภาคตะวันออก,สระแก้ว,SA KAEO,โคกสูง,Khok Sung
2709,27,ภาคตะวันออก,สระแก้ว,SA KAEO,วังสมบูรณ์,Wang Sombun
3001,30,ภาคตะวันออกเฉียงเหนือ,นครราชสีมา,NAKHON RATCHASIMA,เมืองนครราชสีมา,Mueang Nakhon Ratchasima
3002,30,ภาคตะวันออกเฉียงเหนือ,นครราชสีมา,NAKHON RATCHASIMA,ครบุรี,Khon Buri
3003,30,ภาคตะวันออกเฉียงเหนือ,นครราชสีมา,NAKHON RATCHASIMA,เสิงสาง,Soeng Sang
3004,30,ภาคตะวันออกเฉียงเหนือ,นครราชสีมา,NAKHON RATCHASIMA,คง,Khong
3005,30,ภาคตะวันออกเฉียงเหนือ,นครราชสีมา,NAKHON RATCHASIMA,บ้านเหลื่อม,Ban Lueam
3006,30,ภาคตะวันออกเฉียงเหนือ,นครราชสีมา,NAKHON RATCHASIMA,จักราช,Chakkarat
3007,30,ภาคตะวันออกเฉียงเหนือ,นครราชสีมา,NAKHON RATCHASIMA,โชคชัย,Chok Chai
3008,30,ภาคตะวันออกเฉียงเหนือ,นครราชสีมา,NAKHON RATCHASIMA,ด่านขุนทด,Dan Khun Thot
3009,30,ภาคตะวันออกเฉียงเหนือ,นครราชสีมา,NAKHON RATCHASIMA,โนนไทย,Non Thai
3010,30,ภาคตะวันออกเฉียงเหนือ,นครราชสีมา,NAKHON RATCHASIMA,โนนสูง,Non Sung
3011,30,ภาคตะวันออกเฉียงเหนือ,นครราชสีมา,NAKHON RATCHASIMA,ขามสะแกแสง,Kham Sakae Saeng
3012,30,ภาคตะวันออกเฉียงเหนือ,นครราชสีมา,NAKHON RATCHASIMA,บัวใหญ่,Bua Yai
3013,30,ภาคตะวันออกเฉียงเหนือ,นครราชสีมา,NAKHON RATCHASIMA,ประทาย,Prathai
3014,30,ภาคตะวันออกเฉียงเหนือ,นครราชสีมา,NAKHON RATCHASIMA,ปักธงชัย,Pak Thong Chai
3015,30,ภาคตะวันออกเฉียงเหนือ,นครราชสีมา,NAKHON RATCHASIMA,พิมาย,Phimai
3016,30,ภาคตะวันออกเฉียงเหนือ,นครราชสีมา,NAKHON RATCHASIMA,ห้วยแถลง,Huai Thalaeng
3017,30,ภาคตะวันออกเฉียงเหนือ,นครราชสีมา,NAKHON RATCHASIMA,ชุมพวง,Chum Phuang
3018,30,ภาคตะวันออกเฉียงเหนือ,นครราชสีมา,NAKHON RATCHASIMA,สูงเนิน,Sung Noen
3019,30,ภาคตะวันออกเฉียงเหนือ,นครราชสีมา,NAKHON RATCHASIMA,ขามทะเลสอ,Kham Thale So
3020,30,ภาคตะวันออกเฉียงเหนือ,นครราชสีมา,NAKHON RATCHASIMA,สีคิ้ว,Sikhio
3021,30,ภาคตะวันออกเฉียงเหนือ,นครราชสีมา,NAKHON RATCHASIMA,ปากช่อง,Pak Chong
3022,30,ภาคตะวันออกเฉียงเหนือ,นครราชสีมา,NAKHON RATCHASIMA,หนองบุญมาก,Nong Bunnak
3023,30,ภาคตะวันออกเฉียงเหนือ,นครราชสีมา,NAKHON RATCHASIMA,แก้งสนามนาง,Kaeng Sanam Nang
3024,30,ภาคตะวันออกเฉียงเหนือ,นครราชสีมา,NAKHON RATCHASIMA,โนนแดง,Non Daeng
3025,30,ภาคตะวันออกเฉียงเหนือ,นครราชสีมา,NAKHON RATCHASIMA,วังน้ำเขียว,Wang Nam Khiao
3026,30,ภาคตะวันออกเฉียงเหนือ,นครราชสีมา,NAKHON RATCHASIMA,เทพารักษ์,Thepharak
3027,30,ภาคตะวันออกเฉียงเหนือ,นครราชสีมา,NAKHON RATCHASIMA,เมืองยาง,Mueang Yang
3028,30,ภาคตะวันออกเฉียงเหนือ,นครราชสีมา,NAKHON RATCHASIMA,พระทองคำ,Phra Thongkham
3029,30,ภาคตะวันออกเฉียงเหนือ,นครราชสีมา,NAKHON RATCHASIMA,ลำทะเมนชัย,Lam Thamenchai
3030,30,ภาคตะวันออกเฉียงเหนือ,นครราชสีมา,NAKHON RATCHASIMA,บัวลาย,Bua Lai
3031,30,ภาคตะวันออกเฉียงเหนือ,นครราชสีมา,NAKHON RATCHASIMA,สีดา,Si Da
3032,30,ภาคตะวันออกเฉียงเหนือ,นครราชสีมา,NAKHON RATCHASIMA,เฉลิมพระเกียรติ,Chaloem Phrakiat
3101,31,ภาคตะวันออกเฉียงเหนือ,บุรีรัมย์,BURI RAM,เมืองบุรีรัมย์,Mueang Buri Ram
3102,31,ภาคตะวันออกเฉียงเหนือ,บุรีรัมย์,BURI RAM,คูเมือง,Khu Mueang
3103,31,ภาคตะวันออกเฉียงเหนือ,บุรีรัมย์,BURI RAM,กระสัง,Krasang
3104,31,ภาคตะวันออกเฉียงเหนือ,บุรีรัมย์,BURI RAM,นางรอง,Nang Rong
3105,31,ภาคตะวันออกเฉียงเหนือ,บุรีรัมย์,BURI RAM,หนองกี่,Nong Ki
3106,31,ภาคตะวันออกเฉียงเหนือ,บุรีรัมย์,BURI RAM,ละหานทราย,Lahan Sai
3107,31,ภาคตะวันออกเฉียงเหนือ,บุรีรัมย์,BURI RAM,ประโคนชัย,Prakhon Chai
3108,31,ภาคตะวันออกเฉียงเหนือ,บุรีรัมย์,BURI RAM,บ้านกรวด,Ban Kruat
3109,31,ภาคตะวันออกเฉียงเหนือ,บุรีรัมย์,BURI RAM,พุทไธสง,Phutthaisong
3110,31,ภาคตะวันออกเฉียงเหนือ,บุรีรัมย์,BURI RAM,ลำปลายมาศ,Lam Plai Mat
3111,31,ภาคตะวันออกเฉียงเหนือ,บุรีรัมย์,BURI RAM,สตึก,Satuek
3112,31,ภาคตะวันออกเฉียงเหนือ,บุรีรัมย์,BURI RAM,ปะคำ,Pakham
3113,31,ภาคตะวันออกเฉียงเหนือ,บุรีรัมย์,BURI RAM,นาโพธิ์,Na Pho
3114,31,ภาคตะวันออกเฉียงเหนือ,บุรีรัมย์,BURI RAM,หนองหงส์,Nong Hong
3115,31,ภาคตะวันออกเฉียงเหนือ,บุรีรัมย์,BURI RAM,พลับพลาชัย,Phlapphla Chai
3116,31,ภาคตะวันออกเฉียงเหนือ,บุรีรัมย์,BURI RAM,ห้วยราช,Huai Rat
3117,31,ภาคตะวันออกเฉียงเหนือ,บุรีรัมย์,BURI RAM,โนนสุวรรณ,Non Suwan
3118,31,ภาคตะวันออกเฉียงเหนือ,บุรีรัมย์,BURI RAM,ชำนิ,Chamni
3119,31,ภาคตะวันออกเฉียงเหนือ,บุรีรัมย์,BURI RAM,บ้านใหม่ไชยพจน์,Ban Mai Chaiphot
3120,31,ภาคตะวันออกเฉียงเหนือ,บุรีรัมย์,BURI RAM,โนนดินแดง,Non Din Daeng
3121,31,ภาคตะวันออกเฉียงเหนือ,บุรีรัมย์,BURI RAM,บ้านด่าน,Ban Dan
3122,31,ภาคตะวันออกเฉียงเหนือ,บุรีรัมย์,BURI RAM,แคนดง,Khaen Dong
3123,31,ภาคตะวันออกเฉียงเหนือ,บุรีรัมย์,BURI RAM,เฉลิมพระเกียรติ,Chaloem Phrakiat
3201,32,ภาคตะวันออกเฉียงเหนือ,สุรินทร์,SURIN,เมืองสุรินทร์,Mueang Surin
3202,32,ภาคตะวันออกเฉียงเหนือ,สุรินทร์,SURIN,ชุมพลบุรี,Chumphon Buri
3203,32,ภาคตะวันออกเฉียงเหนือ,สุรินทร์,SURIN,ท่าตูม,Tha Tum
3204,32,ภาคตะวันออกเฉียงเหนือ,สุรินทร์,SURIN,จอมพระ,Chom Phra
3205,32,ภาคตะวันออกเฉียงเหนือ,สุรินทร์,SURIN,ปราสาท,Prasat
3206,32,ภาคตะวันออกเฉียงเหนือ,สุรินทร์,SURIN,กาบเชิง,Kap Choeng
3207,32,ภาคตะวันออกเฉียงเหนือ,สุรินทร์,SURIN,รัตนบุรี,Rattana Buri
3208,32,ภาคตะวันออกเฉียงเหนือ,สุรินทร์,SURIN,สนม,Sanom
3209,32,ภาคตะวันออกเฉียงเหนือ,สุรินทร์,SURIN,ศีขรภูมิ,Si Khoraphum
3210,32,ภาคตะวันออกเฉียงเหนือ,สุรินทร์,SURIN,สังขะ,Sangkha
3211,32,ภาคตะวันออกเฉียงเหนือ,สุรินทร์,SURIN,ลำดวน,Lamduan
3212,32,ภาคตะวันออกเฉียงเหนือ,สุรินทร์,SURIN,สำโรงทาบ,Samrong Thap
3213,32,ภาคตะวันออกเฉียงเหนือ,สุรินทร์,SURIN,บัวเชด,Bua Chet
3214,32,ภาคตะวันออกเฉียงเหนือ,สุรินทร์,SURIN,พนมดงรัก,Phanom Dong Rak
3215,32,ภาคตะวันออกเฉียงเหนือ,สุรินทร์,SURIN,ศรีณรงค์,Si Narong
3216,32,ภาคตะวันออกเฉียงเหนือ,สุรินทร์,SURIN,เขวาสินรินทร์,Khewa Sinarin
3217,32,ภาคตะวันออกเฉียงเหนือ,สุรินทร์,SURIN,โนนนารายณ์,Non Narai
3301,33,ภาคตะวันออกเฉียงเหนือ,ศรีสะเกษ,SI SA KET,เมืองศรีสะเกษ,Mueang Si Sa Ket
3302,33,ภาคตะวันออกเฉียงเหนือ,ศรีสะเกษ,SI SA KET,ยางชุมน้อย,Yang Chum Noi
3303,33,ภาคตะวันออกเฉียงเหนือ,ศรีสะเกษ,SI SA KET,กันทรารมย์,Kanthararom
3304,33,ภาคตะวันออกเฉียงเหนือ,ศรีสะเกษ,SI SA KET,กันทรลักษ์,Kantharalak
3305,33,ภาคตะวันออกเฉียงเหนือ,ศรีสะเกษ,SI SA KET,ขุขันธ์,Khukhan
3306,33,ภาคตะวันออกเฉียงเหนือ,ศรีสะเกษ,SI SA KET,ไพรบึง,Phrai Bueng
3307,33,ภาคตะวันออกเฉียงเหนือ,ศรีสะเกษ,SI SA KET,ปรางค์กู่,Prang Ku
3308,33,ภาคตะวันออกเฉียงเหนือ,ศรีสะเกษ,SI SA KET,ขุนหาญ,Khun Han
3309,33,ภาคตะวันออกเฉียงเหนือ,ศรีสะเกษ,SI SA KET,ราษีไศล,Rasi Salai
3310,33,ภาคตะวันออกเฉียงเหนือ,ศรีสะเกษ,SI SA KET,อุทุมพรพิสัย,Uthumphon Phisai
3311,33,ภาคตะวันออกเฉียงเหนือ,ศรีสะเกษ,SI SA KET,บึงบูรพ์,Bueng Bun
3312,33,ภาคตะวันออกเฉียงเหนือ,ศรีสะเกษ,SI SA KET,ห้วยทับทัน,Huai Thapthan
3313,33,ภาคตะวันออกเฉียงเหนือ,ศรีสะเกษ,SI SA KET,โนนคูณ,Non Khun
3314,33,ภาคตะวันออกเฉียงเหนือ,ศรีสะเกษ,SI SA KET,ศรีรัตนะ,Si Rattana
3315,33,ภาคตะวันออกเฉียงเหนือ,ศรีสะเกษ,SI SA KET,น้ำเกลี้ยง,Nam Kliang
3316,33,ภาคตะวันออกเฉียงเหนือ,ศรีสะเกษ,SI SA KET,วังหิน,Wang Hin
3317,33,ภาคตะวันออกเฉียงเหนือ,ศรีสะเกษ,SI SA KET,ภูสิงห์,Phu Sing
3318,33,ภาคตะวันออกเฉียงเหนือ,ศรีสะเกษ,SI SA KET,เมืองจันทร์,Mueang Chan
3319,33,ภาคตะวันออกเฉียงเหนือ,ศรีสะเกษ,SI SA KET,เบญจลักษ์,Benchalak
3320,33,ภาคตะวันออกเฉียงเหนือ,ศรีสะเกษ,SI SA KET,พยุห์,Phayu
3321,33,ภาคตะวันออกเฉียงเหนือ,ศรีสะเกษ,SI SA KET,โพธิ์ศรีสุวรรณ,Pho Si Suwan
3322,33,ภาคตะวันออกเฉียงเหนือ,ศรีสะเกษ,SI SA KET,ศิลาลาด,Sila Lat
3401,34,ภาคตะวันออกเฉียงเหนือ,อุบลราชธานี,UBON RATCHATHANI,เมืองอุบลราชธานี,Mueang Ubon Ratchathani
3402,34,ภาคตะวันออกเฉียงเหนือ,อุบลราชธานี,UBON RATCHATHANI,ศรีเมืองใหม่,Si Mueang Mai
3403,34,ภาคตะวันออกเฉียงเหนือ,อุบลราชธานี,UBON RATCHATHANI,โขงเจียม,Khong Chiam
3404,34,ภาคตะวันออกเฉียงเหนือ,อุบลราชธานี,UBON RATCHATHANI,เขื่องใน,Khueang Nai
3405,34,ภาคตะวันออกเฉียงเหนือ,อุบลราชธานี,UBON RATCHATHANI,เขมราฐ,Khemarat
3407,34,ภาคตะวันออกเฉียงเหนือ,อุบลราชธานี,UBON RATCHATHANI,เดชอุดม,Det Udom
3408,34,ภาคตะวันออกเฉียงเหนือ,อุบลราชธานี,UBON RATCHATHANI,นาจะหลวย,Na Chaluai
3409,34,ภาคตะวันออกเฉียงเหนือ,อุบลราชธานี,UBON RATCHATHANI,น้ำยืน,Nam Yuen
3410,34,ภาคตะวันออกเฉียงเหนือ,อุบลราชธานี,UBON RATCHATHANI,บุณฑริก,Buntharik
3411,34,ภาคตะวันออกเฉียงเหนือ,อุบลราชธานี,UBON RATCHATHANI,ตระการพืชผล,Trakan Phuet Phon
3412,34,ภาคตะวันออกเฉียงเหนือ,อุบลราชธานี,UBON RATCHATHANI,กุดข้าวปุ้น,Kut Khao Pun
3414,34,ภาคตะวันออกเฉียงเหนือ,อุบลราชธานี,UBON RATCHATHANI,ม่วงสามสิบ,Muang Sam Sip
3415,34,ภาคตะวันออกเฉียงเหนือ,อุบลราชธานี,UBON RATCHATHANI,วารินชำราบ,Warin Chamrap
3419,34,ภาคตะวันออกเฉียงเหนือ,อุบลราชธานี,UBON RATCHATHANI,พิบูลมังสาหาร,Phibun Mangsahan
3420,34,ภาคตะวันออกเฉียงเหนือ,อุบลราชธานี,UBON RATCHATHANI,ตาลสุม,Tan Sum
3421,34,ภาคตะวันออกเฉียงเหนือ,อุบลราชธานี,UBON RATCHATHANI,โพธิ์ไทร,Pho Sai
3422,34,ภาคตะวันออกเฉียงเหนือ,อุบลราชธานี,UBON RATCHATHANI,สำโรง,Samrong
3424,34,ภาคตะวันออกเฉียงเหนือ,อุบลราชธานี,UBON RATCHATHANI,ดอนมดแดง,Don Mot Daeng
3425,34,ภาคตะวันออกเฉียงเหนือ,อุบลราชธานี,UBON RATCHATHANI,สิรินธร,Sirindhorn
3426,34,ภาคตะวันออกเฉียงเหนือ,อุบลราชธานี,UBON RATCHATHANI,ทุ่งศรีอุดม,Thung Si Udom
3429,34,ภาคตะวันออกเฉียงเหนือ,อุบลราชธานี,UBON RATCHATHANI,นาเยีย,Na Yia
3430,34,ภาคตะวันออกเฉียงเหนือ,อุบลราชธานี,UBON RATCHATHANI,นาตาล,Na Tan
3431,34,ภาคตะวันออกเฉียงเหนือ,อุบลราชธานี,UBON RATCHATHANI,เหล่าเสือโก้ก,Lao Suea Kok
3432,34,ภาคตะวันออกเฉียงเหนือ,อุบลราชธานี,UBON RATCHATHANI,สว่างวีระวงศ์,Sawang Wirawong
3433,34,ภาคตะวันออกเฉียงเหนือ,อุบลราชธานี,UBON RATCHATHANI,น้ำขุ่น,Nam Khun
3501,35,ภาคตะวันออกเฉียงเหนือ,ยโสธร,YASOTHON,เมืองยโสธร,Mueang Yasothon
3502,35,ภาคตะวันออกเฉียงเหนือ,ยโสธร,YASOTHON,ทรายมูล,Sai Mun
3503,35,ภาคตะวันออกเฉียงเหนือ,ยโสธร,YASOTHON,กุดชุม,Kut Chum
3504,35,ภาคตะวันออกเฉียงเหนือ,ยโสธร,YASOTHON,คำเขื่อนแก้ว,Kham Khuean Kaeo
3505,35,ภาคตะวันออกเฉียงเหนือ,ยโสธร,YASOTHON,ป่าติ้ว,Pa Tio
3506,35,ภาคตะวันออกเฉียงเหนือ,ยโสธร,YASOTHON,มหาชนะชัย,Maha Chanachai
3507,35,ภาคตะวันออกเฉียงเหนือ,ยโสธร,YASOTHON,ค้อวัง,Kho Wang
3508,35,ภาคตะวันออกเฉียงเหนือ,ยโสธร,YASOTHON,เลิงนกทา,Loeng Nok Tha
3509,35,ภาคตะวันออกเฉียงเหนือ,ยโสธร,YASOTHON,ไทยเจริญ,Thai Charoen
3601,36,ภาคตะวันออกเฉียงเหนือ,ชัยภูมิ,CHAIYAPHUM,เมืองชัยภูมิ,Mueang Chaiyaphum
3602,36,ภาคตะวันออกเฉียงเหนือ,ชัยภูมิ,CHAIYAPHUM,บ้านเขว้า,Ban Khwao
3603,36,ภาคตะวันออกเฉียงเหนือ,ชัยภูมิ,CHAIYAPHUM,คอนสวรรค์,Khon Sawan
3604,36,ภาคตะวันออกเฉียงเหนือ,ชัยภูมิ,CHAIYAPHUM,เกษตรสมบูรณ์,Kaset Sombun
3605,36,ภาคตะวันออกเฉียงเหนือ,ชัยภูมิ,CHAIYAPHUM,หนองบัวแดง,Nong Bua Daeng
3606,36,ภาคตะวันออกเฉียงเหนือ,ชัยภูมิ,CHAIYAPHUM,จัตุรัส,Chatturat
3607,36,ภาคตะวันออกเฉียงเหนือ,ชัยภูมิ,CHAIYAPHUM,บำเหน็จณรงค์,Bamnet Narong
3608,36,ภาคตะวันออกเฉียงเหนือ,ชัยภูมิ,CHAIYAPHUM,หนองบัวระเหว,Nong Bua Rawe
3609,36,ภาคตะวันออกเฉียงเหนือ,ชัยภูมิ,CHAIYAPHUM,เทพสถิต,Thep Sathit
3610,36,ภาคตะวันออกเฉียงเหนือ,ชัยภูมิ,CHAIYAPHUM,ภูเขียว,Phu Khiao
3611,36,ภาคตะวันออกเฉียงเหนือ,ชัยภูมิ,CHAIYAPHUM,บ้านแท่น,Ban Thaen
3612,36,ภาคตะวันออกเฉียงเหนือ,ชัยภูมิ,CHAIYAPHUM,แก้งคร้อ,Kaeng Khro
3613,36,ภาคตะวันออกเฉียงเหนือ,ชัยภูมิ,CHAIYAPHUM,คอนสาร,Khon San
3614,36,ภาคตะวันออกเฉียงเหนือ,ชัยภูมิ,CHAIYAPHUM,ภักดีชุมพล,Phakdi Chumphon
3615,36,ภาคตะวันออกเฉียงเหนือ,ชัยภูมิ,CHAIYAPHUM,เนินสง่า,Noen Sa-Nga
3616,36,ภาคตะวันออกเฉียงเหนือ,ชัยภูมิ,CHAIYAPHUM,ซับใหญ่,Sap Yai
3701,37,ภาคตะวันออกเฉียงเหนือ,อำนาจเจริญ,AMNAT CHAROEN,เมืองอำนาจเจริญ,Mueang Amnat Charoen
3702,37,ภาคตะวันออกเฉียงเหนือ,อำนาจเจริญ,AMNAT CHAROEN,ชานุมาน,Chanuman
3703,37,ภาคตะวันออกเฉียงเหนือ,อำนาจเจริญ,AMNAT CHAROEN,ปทุมราชวงศา,Pathum Ratchawongsa
3704,37,ภาคตะวันออกเฉียงเหนือ,อำนาจเจริญ,AMNAT CHAROEN,พนา,Phana
3705,37,ภาคตะวันออกเฉียงเหนือ,อำนาจเจริญ,AMNAT CHAROEN,เสนางคนิคม,Senangkha Nikhom
3706,37,ภาคตะวันออกเฉียงเหนือ,อำนาจเจริญ,AMNAT CHAROEN,หัวตะพาน,Hua Taphan
3707,37,ภาคตะวันออกเฉียงเหนือ,อำนาจเจริญ,AMNAT CHAROEN,ลืออำนาจ,Lue Amnat
3801,38,ภาคตะวันออกเฉียงเหนือ,บึงกาฬ,BUENG KAN,เมืองบึงกาฬ,Mueang Bung Kan
3802,38,ภาคตะวันออกเฉียงเหนือ,บึงกาฬ,BUENG KAN,พรเจริญ,Phon Chareon
3803,38,ภาคตะวันออกเฉียงเหนือ,บึงกาฬ,BUENG KAN,โซ่พิสัย,So Phisai
3804,38,ภาคตะวันออกเฉียงเหนือ,บึงกาฬ,BUENG KAN,เซกา,Seka
3805,38,ภาคตะวันออกเฉียงเหนือ,บึงกาฬ,BUENG KAN,ปากคาด,Pak Khat
3806,38,ภาคตะวันออกเฉียงเหนือ,บึงกาฬ,BUENG KAN,บึงโขงหลง,Bung Khlong Long
3807,38,ภาคตะวันออกเฉียงเหนือ,บึงกาฬ,BUENG KAN,ศรีวิไล,Si Wilai
3808,38,ภาคตะวันออกเฉียงเหนือ,บึงกาฬ,BUENG KAN,บุ่งคล้า,Bungkha
3901,39,ภาคตะวันออกเฉียงเหนือ,หนองบัวลำภู,NONG BUA LAMPHU,เมืองหนองบัวลำภู,Mueang Nong Bua Lam Phu
3902,39,ภาคตะวันออกเฉียงเหนือ,หนองบัวลำภู,NONG BUA LAMPHU,นากลาง,Na Klang
3903,39,ภาคตะวันออกเฉียงเหนือ,หนองบัวลำภู,NONG BUA LAMPHU,โนนสัง,Non Sang
3904,39,ภาคตะวันออกเฉียงเหนือ,หนองบัวลำภู,NONG BUA LAMPHU,ศรีบุญเรือง,Si Bun Rueang
3905,39,ภาคตะวันออกเฉียงเหนือ,หนองบัวลำภู,NONG BUA LAMPHU,สุวรรณคูหา,Suwannakhuha
3906,39,ภาคตะวันออกเฉียงเหนือ,หนองบัวลำภู,NONG BUA LAMPHU,นาวัง,Na Wang
4001,40,ภาคตะวันออกเฉียงเหนือ,ขอนแก่น,KHON KAEN,เมืองขอนแก่น,Mueang Khon Kaen
4002,40,ภาคตะวันออกเฉียงเหนือ,ขอนแก่น,KHON KAEN,บ้านฝาง,Ban Fang
4003,40,ภาคตะวันออกเฉียงเหนือ,ขอนแก่น,KHON KAEN,พระยืน,Phra Yuen
4004,40,ภาคตะวันออกเฉียงเหนือ,ขอนแก่น,KHON KAEN,หนองเรือ,Nong Ruea
4005,40,ภาคตะวันออกเฉียงเหนือ,ขอนแก่น,KHON KAEN,ชุมแพ,Chum Phae
4006,40,ภาคตะวันออกเฉียงเหนือ,ขอนแก่น,KHON KAEN,สีชมพู,Si Chomphu
4007,40,ภาคตะวันออกเฉียงเหนือ,ขอนแก่น,KHON KAEN,น้ำพอง,Nam Phong
4008,40,ภาคตะวันออกเฉียงเหนือ,ขอนแก่น,KHON KAEN,อุบลรัตน์,Ubonrat
4009,40,ภาคตะวันออกเฉียงเหนือ,ขอนแก่น,KHON KAEN,กระนวน,Kranuan
4010,40,ภาคตะวันออกเฉียงเหนือ,ขอนแก่น,KHON KAEN,บ้านไผ่,Ban Phai
4011,40,ภาคตะวันออกเฉียงเหนือ,ขอนแก่น,KHON KAEN,เปือยน้อย,Pueai Noi
4012,40,ภาคตะวันออกเฉียงเหนือ,ขอนแก่น,KHON KAEN,พล,Phon
4013,40,ภาคตะวันออกเฉียงเหนือ,ขอนแก่น,KHON KAEN,แวงใหญ่,Waeng Yai
4014,40,ภาคตะวันออกเฉียงเหนือ,ขอนแก่น,KHON KAEN,แวงน้อย,Waeng Noi
4015,40,ภาคตะวันออกเฉียงเหนือ,ขอนแก่น,KHON KAEN,หนองสองห้อง,Nong Song Hong
4016,40,ภาคตะวันออกเฉียงเหนือ,ขอนแก่น,KHON KAEN,ภูเวียง,Phu Wiang
4017,40,ภาคตะวันออกเฉียงเหนือ,ขอนแก่น,KHON KAEN,มัญจาคีรี,Mancha Khiri
4018,40,ภาคตะวันออกเฉียงเหนือ,ขอนแก่น,KHON KAEN,ชนบท,Chonnabot
4019,40,ภาคตะวันออกเฉียงเหนือ,ขอนแก่น,KHON KAEN,เขาสวนกวาง,Khao Suan Kwang
4020,40,ภาคตะวันออกเฉียงเหนือ,ขอนแก่น,KHON KAEN,ภูผาม่าน,Phu Pha Man
4021,40,ภาคตะวันออกเฉียงเหนือ,ขอนแก่น,KHON KAEN,ซำสูง,Sam Sung
4022,40,ภาคตะวันออกเฉียงเหนือ,ขอนแก่น,KHON KAEN,โคกโพธิ์ไชย,Khok Pho Chai
4023,40,ภาคตะวันออกเฉียงเหนือ,ขอนแก่น,KHON KAEN,หนองนาคำ,Nong Na Kham
4024,40,ภาคตะวันออกเฉียงเหนือ,ขอนแก่น,KHON KAEN,บ้านแฮด,Ban Haet
4025,40,ภาคตะวันออกเฉียงเหนือ,ขอนแก่น,KHON KAEN,โนนศิลา,Non Sila
4029,40,ภาคตะวันออกเฉียงเหนือ,ขอนแก่น,KHON KAEN,เวียงเก่า,Wiang Kao
4101,41,ภาคตะวันออกเฉียงเหนือ,อุดรธานี,UDON THANI,เมืองอุดรธานี,Mueang Udon Thani
4102,41,ภาคตะวันออกเฉียงเหนือ,อุดรธานี,UDON THANI,กุดจับ,Kut Chap
4103,41,ภาคตะวันออกเฉียงเหนือ,อุดรธานี,UDON THANI,หนองวัวซอ,Nong Wua So
4104,41,ภาคตะวันออกเฉียงเหนือ,อุดรธานี,UDON THANI,กุมภวาปี,Kumphawapi
4105,41,ภาคตะวันออกเฉียงเหนือ,อุดรธานี,UDON THANI,โนนสะอาด,Non Sa-At
4106,41,ภาคตะวันออกเฉียงเหนือ,อุดรธานี,UDON THANI,หนองหาน,Nong Han
4107,41,ภาคตะวันออกเฉียงเหนือ,อุดรธานี,UDON THANI,ทุ่งฝน,Thung Fon
4108,41,ภาคตะวันออกเฉียงเหนือ,อุดรธานี,UDON THANI,ไชยวาน,Chaiwan
4109,41,ภาคตะวันออกเฉียงเหนือ,อุดรธานี,UDON THANI,ศรีธาตุ,Si That
4110,41,ภาคตะวันออกเฉียงเหนือ,อุดรธานี,UDON THANI,วังสามหมอ,Wang Sam Mo
4111,41,ภาคตะวันออกเฉียงเหนือ,อุดรธานี,UDON THANI,บ้านดุง,Ban Dung
4117,41,ภาคตะวันออกเฉียงเหนือ,อุดรธานี,UDON THANI,บ้านผือ,Ban Phue
4118,41,ภาคตะวันออกเฉียงเหนือ,อุดรธานี,UDON THANI,น้ำโสม,Nam Som
4119,41,ภาคตะวันออกเฉียงเหนือ,อุดรธานี,UDON THANI,เพ็ญ,Phen
4120,41,ภาคตะวันออกเฉียงเหนือ,อุดรธานี,UDON THANI,สร้างคอม,Sang Khom
4121,41,ภาคตะวันออกเฉียงเหนือ,อุดรธานี,UDON THANI,หนองแสง,Nong Saeng
4122,41,ภาคตะวันออกเฉียงเหนือ,อุดรธานี,UDON THANI,นายูง,Na Yung
4123,41,ภาคตะวันออกเฉียงเหนือ,อุดรธานี,UDON THANI,พิบูลย์รักษ์,Phibun Rak
4124,41,ภาคตะวันออกเฉียงเหนือ,อุดรธานี,UDON THANI,กู่แก้ว,Ku Kaeo
4125,41,ภาคตะวันออกเฉียงเหนือ,อุดรธานี,UDON THANI,ประจักษ์ศิลปาคม,Prachak Sinlapakhom
4201,42,ภาคตะวันออกเฉียงเหนือ,เลย,LOEI,เมืองเลย,Mueang Loei
4202,42,ภาคตะวันออกเฉียงเหนือ,เลย,LOEI,นาด้วง,Na Duang
4203,42,ภาคตะวันออกเฉียงเหนือ,เลย,LOEI,เชียงคาน,Chiang Khan
4204,42,ภาคตะวันออกเฉียงเหนือ,เลย,LOEI,ปากชม,Pak Chom
4205,42,ภาคตะวันออกเฉียงเหนือ,เลย,LOEI,ด่านซ้าย,Dan Sai
4206,42,ภาคตะวันออกเฉียงเหนือ,เลย,LOEI,นาแห้ว,Na Haeo
4207,42,ภาคตะวันออกเฉียงเหนือ,เลย,LOEI,ภูเรือ,Phu Ruea
4208,42,ภาคตะวันออกเฉียงเหนือ,เลย,LOEI,ท่าลี่,Tha Li
4209,42,ภาคตะวันออกเฉียงเหนือ,เลย,LOEI,วังสะพุง,Wang Saphung
4210,42,ภาคตะวันออกเฉียงเหนือ,เลย,LOEI,ภูกระดึง,Phu Kradueng
4211,42,ภาคตะวันออกเฉียงเหนือ,เลย,LOEI,ภูหลวง,Phu Luang
4212,42,ภาคตะวันออกเฉียงเหนือ,เลย,LOEI,ผาขาว,Pha Khao
4213,42,ภาคตะวันออกเฉียงเหนือ,เลย,LOEI,เอราวัณ,Erawan
4214,42,ภาคตะวันออกเฉียงเหนือ,เลย,LOEI,หนองหิน,Nong Hin
4301,43,ภาคตะวันออกเฉียงเหนือ,หนองคาย,NONG KHAI,เมืองหนองคาย,Mueang Nong Khai
4302,43,ภาคตะวันออกเฉียงเหนือ,หนองคาย,NONG KHAI,ท่าบ่อ,Tha Bo
4305,43,ภาคตะวันออกเฉียงเหนือ,หนองคาย,NONG KHAI,โพนพิสัย,Phon Phisai
4307,43,ภาคตะวันออกเฉียงเหนือ,หนองคาย,NONG KHAI,ศรีเชียงใหม่,Si Chiang Mai
4308,43,ภาคตะวันออกเฉียงเหนือ,หนองคาย,NONG KHAI,สังคม,Sangkhom
4314,43,ภาคตะวันออกเฉียงเหนือ,หนองคาย,NONG KHAI,สระใคร,Sa Khrai
4315,43,ภาคตะวันออกเฉียงเหนือ,หนองคาย,NONG KHAI,เฝ้าไร่,Fao Rai
4316,43,ภาคตะวันออกเฉียงเหนือ,หนองคาย,NONG KHAI,รัตนวาปี,Rattana Wapi
4317,43,ภาคตะวันออกเฉียงเหนือ,หนองคาย,NONG KHAI,โพธิ์ตาก,Pho Tak
4401,44,ภาคตะวันออกเฉียงเหนือ,มหาสารคาม,MAHA SARAKHAM,เมืองมหาสารคาม,Mueang Maha Sarakham
4402,44,ภาคตะวันออกเฉียงเหนือ,มหาสารคาม,MAHA SARAKHAM,แกดำ,Kae Dam
4403,44,ภาคตะวันออกเฉียงเหนือ,มหาสารคาม,MAHA SARAKHAM,โกสุมพิสัย,Kosum Phisai
4404,44,ภาคตะวันออกเฉียงเหนือ,มหาสารคาม,MAHA SARAKHAM,กันทรวิชัย,Kantharawichai
4405,44,ภาคตะวันออกเฉียงเหนือ,มหาสารคาม,MAHA SARAKHAM,เชียงยืน,Chiang Yuen
4406,44,ภาคตะวันออกเฉียงเหนือ,มหาสารคาม,MAHA SARAKHAM,บรบือ,Borabue
4407,44,ภาคตะวันออกเฉียงเหนือ,มหาสารคาม,MAHA SARAKHAM,นาเชือก,Na Chueak
4408,44,ภาคตะวันออกเฉียงเหนือ,มหาสารคาม,MAHA SARAKHAM,พยัคฆภูมิพิสัย,Phayakkhaphum Phisai
4409,44,ภาคตะวันออกเฉียงเหนือ,มหาสารคาม,MAHA SARAKHAM,วาปีปทุม,Wapi Pathum
4410,44,ภาคตะวันออกเฉียงเหนือ,มหาสารคาม,MAHA SARAKHAM,นาดูน,Na Dun
4411,44,ภาคตะวันออกเฉียงเหนือ,มหาสารคาม,MAHA SARAKHAM,ยางสีสุราช,Yang Sisurat
4412,44,ภาคตะวันออกเฉียงเหนือ,มหาสารคาม,MAHA SARAKHAM,กุดรัง,Kut Rang
4413,44,ภาคตะวันออกเฉียงเหนือ,มหาสารคาม,MAHA SARAKHAM,ชื่นชม,Chuen Chom
4501,45,ภาคตะวันออกเฉียงเหนือ,ร้อยเอ็ด,ROI ET,เมืองร้อยเอ็ด,Mueang Roi Et
4502,45,ภาคตะวันออกเฉียงเหนือ,ร้อยเอ็ด,ROI ET,เกษตรวิสัย,Kaset Wisai
4503,45,ภาคตะวันออกเฉียงเหนือ,ร้อยเอ็ด,ROI ET,ปทุมรัตต์,Pathum Rat
4504,45,ภาคตะวันออกเฉียงเหนือ,ร้อยเอ็ด,ROI ET,จตุรพักตรพิมาน,Chaturaphak Phiman
4505,45,ภาคตะวันออกเฉียงเหนือ,ร้อยเอ็ด,ROI ET,ธวัชบุรี,Thawat Buri
4506,45,ภาคตะวันออกเฉียงเหนือ,ร้อยเอ็ด,ROI ET,พนมไพร,Phanom Phrai
4507,45,ภาคตะวันออกเฉียงเหนือ,ร้อยเอ็ด,ROI ET,โพนทอง,Phon Thong
4508,45,ภาคตะวันออกเฉียงเหนือ,ร้อยเอ็ด,ROI ET,โพธิ์ชัย,Pho Chai
4509,45,ภาคตะวันออกเฉียงเหนือ,ร้อยเอ็ด,ROI ET,หนองพอก,Nong Phok
4510,45,ภาคตะวันออกเฉียงเหนือ,ร้อยเอ็ด,ROI ET,เสลภูมิ,Selaphum
4511,45,ภาคตะวันออกเฉียงเหนือ,ร้อยเอ็ด,ROI ET,สุวรรณภูมิ,Suwannaphum
4512,45,ภาคตะวันออกเฉียงเหนือ,ร้อยเอ็ด,ROI ET,เมืองสรวง,Mueang Suang
4513,45,ภาคตะวันออกเฉียงเหนือ,ร้อยเอ็ด,ROI ET,โพนทราย,Phon Sai
4514,45,ภาคตะวันออกเฉียงเหนือ,ร้อยเอ็ด,ROI ET,อาจสามารถ,At Samat
4515,45,ภาคตะวันออกเฉียงเหนือ,ร้อยเอ็ด,ROI ET,เมยวดี,Moei Wadi
4516,45,ภาคตะวันออกเฉียงเหนือ,ร้อยเอ็ด,ROI ET,ศรีสมเด็จ,Si Somdet
4517,45,ภาคตะวันออกเฉียงเหนือ,ร้อยเอ็ด,ROI ET,จังหาร,Changhan
4518,45,ภาคตะวันออกเฉียงเหนือ,ร้อยเอ็ด,ROI ET,เชียงขวัญ,Chiang Khwan
4519,45,ภาคตะวันออกเฉียงเหนือ,ร้อยเอ็ด,ROI ET,หนองฮี,Nong Hi
4520,45,ภาคตะวันออกเฉียงเหนือ,ร้อยเอ็ด,ROI ET,ทุ่งเขาหลวง,Thung Khao Luang
4601,46,ภาคตะวันออกเฉียงเหนือ,กาฬสินธุ์,KALASIN,เมืองกาฬสินธุ์,Mueang Kalasin
4602,46,ภาคตะวันออกเฉียงเหนือ,กาฬสินธุ์,KALASIN,นามน,Na Mon
4603,46,ภาคตะวันออกเฉียงเหนือ,กาฬสินธุ์,KALASIN,กมลาไสย,Kamalasai
4604,46,ภาคตะวันออกเฉียงเหนือ,กาฬสินธุ์,KALASIN,ร่องคำ,Rong Kham
4605,46,ภาคตะวันออกเฉียงเหนือ,กาฬสินธุ์,KALASIN,กุฉินารายณ์,Kuchi Narai
4606,46,ภาคตะวันออกเฉียงเหนือ,กาฬสินธุ์,KALASIN,เขาวง,Khao Wong
4607,46,ภาคตะวันออกเฉียงเหนือ,กาฬสินธุ์,KALASIN,ยางตลาด,Yang Talat
4608,46,ภาคตะวันออกเฉียงเหนือ,กาฬสินธุ์,KALASIN,ห้วยเม็ก,Huai Mek
4609,46,ภาคตะวันออกเฉียงเหนือ,กาฬสินธุ์,KALASIN,สหัสขันธ์,Sahatsakhan
4610,46,ภาคตะวันออกเฉียงเหนือ,กาฬสินธุ์,KALASIN,คำม่วง,Kham Muang
4611,46,ภาคตะวันออกเฉียงเหนือ,กาฬสินธุ์,KALASIN,ท่าคันโท,Tha Khantho
4612,46,ภาคตะวันออกเฉียงเหนือ,กาฬสินธุ์,KALASIN,หนองกุงศรี,Nong Kung Si
4613,46,ภาคตะวันออกเฉียงเหนือ,กาฬสินธุ์,KALASIN,สมเด็จ,Somdet
4614,46,ภาคตะวันออกเฉียงเหนือ,กาฬสินธุ์,KALASIN,ห้วยผึ้ง,Huai Phueng
4615,46,ภาคตะวันออกเฉียงเหนือ,กาฬสินธุ์,KALASIN,สามชัย,Sam Chai
4616,46,ภาคตะวันออกเฉียงเหนือ,กาฬสินธุ์,KALASIN,นาคู,Na Khu
4617,46,ภาคตะวันออกเฉียงเหนือ,กาฬสินธุ์,KALASIN,ดอนจาน,Don Chan
4618,46,ภาคตะวันออกเฉียงเหนือ,กาฬสินธุ์,KALASIN,ฆ้องชัย,Khong Chai
4701,47,ภาคตะวันออกเฉียงเหนือ,สกลนคร,SAKON NAKHON,เมืองสกลนคร,Mueang Sakon Nakhon
4702,47,ภาคตะวันออกเฉียงเหนือ,สกลนคร,SAKON NAKHON,กุสุมาลย์,Kusuman
4703,47,ภาคตะวันออกเฉียงเหนือ,สกลนคร,SAKON NAKHON,กุดบาก,Kut Bak
4704,47,ภาคตะวันออกเฉียงเหนือ,สกลนคร,SAKON NAKHON,พรรณนานิคม,Phanna Nikhom
4705,47,ภาคตะวันออกเฉียงเหนือ,สกลนคร,SAKON NAKHON,พังโคน,Phang Khon
4706,47,ภาคตะวันออกเฉียงเหนือ,สกลนคร,SAKON NAKHON,วาริชภูมิ,Waritchaphum
4707,47,ภาคตะวันออกเฉียงเหนือ,สกลนคร,SAKON NAKHON,นิคมน้ำอูน,Nikhom Nam Un
4708,47,ภาคตะวันออกเฉียงเหนือ,สกลนคร,SAKON NAKHON,วานรนิวาส,Wanon Niwat
4709,47,ภาคตะวันออกเฉียงเหนือ,สกลนคร,SAKON NAKHON,คำตากล้า,Kham Ta Kla
4710,47,ภาคตะวันออกเฉียงเหนือ,สกลนคร,SAKON NAKHON,บ้านม่วง,Ban Muang
4711,47,ภาคตะวันออกเฉียงเหนือ,สกลนคร,SAKON NAKHON,อากาศอำนวย,Akat Amnuai
4712,47,ภาคตะวันออกเฉียงเหนือ,สกลนคร,SAKON NAKHON,สว่างแดนดิน,Sawang Daen Din
4713,47,ภาคตะวันออกเฉียงเหนือ,สกลนคร,SAKON NAKHON,ส่องดาว,Song Dao
4714,47,ภาคตะวันออกเฉียงเหนือ,สกลนคร,SAKON NAKHON,เต่างอย,Tao Ngoi
4715,47,ภาคตะวันออกเฉียงเหนือ,สกลนคร,SAKON NAKHON,โคกศรีสุพรรณ,Khok Si Suphan
4716,47,ภาคตะวันออกเฉียงเหนือ,สกลนคร,SAKON NAKHON,เจริญศิลป์,Charoen Sin
4717,47,ภาคตะวันออกเฉียงเหนือ,สกลนคร,SAKON NAKHON,โพนนาแก้ว,Phon Na Kaeo
4718,47,ภาคตะวันออกเฉียงเหนือ,สกลนคร,SAKON NAKHON,ภูพาน,Phu Phan
4801,48,ภาคตะวันออกเฉียงเหนือ,นครพนม,NAKHON PHANOM,เมืองนครพนม,Mueang Nakhon Phanom
4802,48,ภาคตะวันออกเฉียงเหนือ,นครพนม,NAKHON PHANOM,ปลาปาก,Pla Pak
4803,48,ภาคตะวันออกเฉียงเหนือ,นครพนม,NAKHON PHANOM,ท่าอุเทน,Tha Uthen
4804,48,ภาคตะวันออกเฉียงเหนือ,นครพนม,NAKHON PHANOM,บ้านแพง,Ban Phaeng
4805,48,ภาคตะวันออกเฉียงเหนือ,นครพนม,NAKHON PHANOM,ธาตุพนม,That Phanom
4806,48,ภาคตะวันออกเฉียงเหนือ,นครพนม,NAKHON PHANOM,เรณูนคร,Renu Nakhon
4807,48,ภาคตะวันออกเฉียงเหนือ,นครพนม,NAKHON PHANOM,นาแก,Na Kae
4808,48,ภาคตะวันออกเฉียงเหนือ,นครพนม,NAKHON PHANOM,ศรีสงคราม,Si Songkhram
4809,48,ภาคตะวันออกเฉียงเหนือ,นครพนม,NAKHON PHANOM,นาหว้า,Na Wa
4810,48,ภาคตะวันออกเฉียงเหนือ,นครพนม,NAKHON PHANOM,โพนสวรรค์,Phon Sawan
4811,48,ภาคตะวันออกเฉียงเหนือ,นครพนม,NAKHON PHANOM,นาทม,Na Thom
4812,48,ภาคตะวันออกเฉียงเหนือ,นครพนม,NAKHON PHANOM,วังยาง,Wang Yang
4901,49,ภาคตะวันออกเฉียงเหนือ,มุกดาหาร,MUKDAHAN,เมืองมุกดาหาร,Mueang Mukdahan
4902,49,ภาคตะวันออกเฉียงเหนือ,มุกดาหาร,MUKDAHAN,นิคมคำสร้อย,Nikhom Kham Soi
4903,49,ภาคตะวันออกเฉียงเหนือ,มุกดาหาร,MUKDAHAN,ดอนตาล,Don Tan
4904,49,ภาคตะวันออกเฉียงเหนือ,มุกดาหาร,MUKDAHAN,ดงหลวง,Dong Luang
4905,49,ภาคตะวันออกเฉียงเหนือ,มุกดาหาร,MUKDAHAN,คำชะอี,Kham Cha-I
4906,49,ภาคตะวันออกเฉียงเหนือ,มุกดาหาร,MUKDAHAN,หว้านใหญ่,Wan Yai
4907,49,ภาคตะวันออกเฉียงเหนือ,มุกดาหาร,MUKDAHAN,หนองสูง,Nong Sung
5001,50,ภาคเหนือ,เชียงใหม่,CHIANG MAI,เมืองเชียงใหม่,Mueang Chiang Mai
5002,50,ภาคเหนือ,เชียงใหม่,CHIANG MAI,จอมทอง,Chom Thong
5003,50,ภาคเหนือ,เชียงใหม่,CHIANG MAI,แม่แจ่ม,Mae Chaem
5004,50,ภาคเหนือ,เชียงใหม่,CHIANG MAI,เชียงดาว,Chiang Dao
5005,50,ภาคเหนือ,เชียงใหม่,CHIANG MAI,ดอยสะเก็ด,Doi Saket
5006,50,ภาคเหนือ,เชียงใหม่,CHIANG MAI,แม่แตง,Mae Taeng
5007,50,ภาคเหนือ,เชียงใหม่,CHIANG MAI,แม่ริม,Mae Rim
5008,50,ภาคเหนือ,เชียงใหม่,CHIANG MAI,สะเมิง,Samoeng
5009,50,ภาคเหนือ,เชียงใหม่,CHIANG MAI,ฝาง,Fang
5010,50,ภาคเหนือ,เชียงใหม่,CHIANG MAI,แม่อาย,Mae Ai
5011,50,ภาคเหนือ,เชียงใหม่,CHIANG MAI,พร้าว,Phrao
5012,50,ภาคเหนือ,เชียงใหม่,CHIANG MAI,สันป่าตอง,San Patong
5013,50,ภาคเหนือ,เชียงใหม่,CHIANG MAI,สันกำแพง,San Kamphaeng
5014,50,ภาคเหนือ,เชียงใหม่,CHIANG MAI,สันทราย,San Sai
5015,50,ภาคเหนือ,เชียงใหม่,CHIANG MAI,หางดง,Hang Dong
5016,50,ภาคเหนือ,เชียงใหม่,CHIANG MAI,ฮอด,Hot
5017,50,ภาคเหนือ,เชียงใหม่,CHIANG MAI,ดอยเต่า,Doi Tao
5018,50,ภาคเหนือ,เชียงใหม่,CHIANG MAI,อมก๋อย,Omkoi
5019,50,ภาคเหนือ,เชียงใหม่,CHIANG MAI,สารภี,Saraphi
5020,50,ภาคเหนือ,เชียงใหม่,CHIANG MAI,เวียงแหง,Wiang Haeng
5021,50,ภาคเหนือ,เชียงใหม่,CHIANG MAI,ไชยปราการ,Chai Prakan
5022,50,ภาคเหนือ,เชียงใหม่,CHIANG MAI,แม่วาง,Mae Wang
5023,50,ภาคเหนือ,เชียงใหม่,CHIANG MAI,แม่ออน,Mae On
5024,50,ภาคเหนือ,เชียงใหม่,CHIANG MAI,ดอยหล่อ,Doi Lo
5026,50,ภาคเหนือ,เชียงใหม่,CHIANG MAI,กัลยาณิวัฒนา,Kalayaniwattana
5101,51,ภาคเหนือ,ลำพูน,LAMPHUN,เมืองลำพูน,Mueang Lamphun
5102,51,ภาคเหนือ,ลำพูน,LAMPHUN,แม่ทา,Mae Tha
5103,51,ภาคเหนือ,ลำพูน,LAMPHUN,บ้านโฮ่ง,Ban Hong
5104,51,ภาคเหนือ,ลำพูน,LAMPHUN,ลี้,Li
5105,51,ภาคเหนือ,ลำพูน,LAMPHUN,ทุ่งหัวช้าง,Thung Hua Chang
5106,51,ภาคเหนือ,ลำพูน,LAMPHUN,ป่าซาง,Pa Sang
5107,51,ภาคเหนือ,ลำพูน,LAMPHUN,บ้านธิ,Ban Thi
5108,51,ภาคเหนือ,ลำพูน,LAMPHUN,เวียงหนองล่อง,Wiang Nong Long
5201,52,ภาคเหนือ,ลำปาง,LAMPANG,เมืองลำปาง,Mueang Lampang
5202,52,ภาคเหนือ,ลำปาง,LAMPANG,แม่เมาะ,Mae Mo
5203,52,ภาคเหนือ,ลำปาง,LAMPANG,เกาะคา,Ko Kha
5204,52,ภาคเหนือ,ลำปาง,LAMPANG,เสริมงาม,Soem Ngam
5205,52,ภาคเหนือ,ลำปาง,LAMPANG,งาว,Ngao
5206,52,ภาคเหนือ,ลำปาง,LAMPANG,แจ้ห่ม,Chae Hom
5207,52,ภาคเหนือ,ลำปาง,LAMPANG,วังเหนือ,Wang Nuea
5208,52,ภาคเหนือ,ลำปาง,LAMPANG,เถิน,Thoen
5209,52,ภาคเหนือ,ลำปาง,LAMPANG,แม่พริก,Mae Phrik
5210,52,ภาคเหนือ,ลำปาง,LAMPANG,แม่ทะ,Mae Tha
5211,52,ภาคเหนือ,ลำปาง,LAMPANG,สบปราบ,Sop Prap
5212,52,ภาคเหนือ,ลำปาง,LAMPANG,ห้างฉัตร,Hang Chat
5213,52,ภาคเหนือ,ลำปาง,LAMPANG,เมืองปาน,Mueang Pan
5301,53,ภาคเหนือ,อุตรดิตถ์,UTTARADIT,เมืองอุตรดิตถ์,Mueang Uttaradit
5302,53,ภาคเหนือ,อุตรดิตถ์,UTTARADIT,ตรอน,Tron
5303,53,ภาคเหนือ,อุตรดิตถ์,UTTARADIT,ท่าปลา,Tha Pla
5304,53,ภาคเหนือ,อุตรดิตถ์,UTTARADIT,น้ำปาด,Nam Pat
5305,53,ภาคเหนือ,อุตรดิตถ์,UTTARADIT,ฟากท่า,Fak Tha
5306,53,ภาคเหนือ,อุตรดิตถ์,UTTARADIT,บ้านโคก,Ban Khok
5307,53,ภาคเหนือ,อุตรดิตถ์,UTTARADIT,พิชัย,Phichai
5308,53,ภาคเหนือ,อุตรดิตถ์,UTTARADIT,ลับแล,Laplae
5309,53,ภาคเหนือ,อุตรดิตถ์,UTTARADIT,ทองแสนขัน,Thong Saen Khan
5401,54,ภาคเหนือ,แพร่,PHRAE,เมืองแพร่,Mueang Phrae
5402,54,ภาคเหนือ,แพร่,PHRAE,ร้องกวาง,Rong Kwang
5403,54,ภาคเหนือ,แพร่,PHRAE,ลอง,Long
5404,54,ภาคเหนือ,แพร่,PHRAE,สูงเม่น,Sung Men
5405,54,ภาคเหนือ,แพร่,PHRAE,เด่นชัย,Den Chai
5406,54,ภาคเหนือ,แพร่,PHRAE,สอง,Song
5407,54,ภาคเหนือ,แพร่,PHRAE,วังชิ้น,Wang Chin
5408,54,ภาคเหนือ,แพร่,PHRAE,หนองม่วงไข่,Nong Muang Khai
5501,55,ภาคเหนือ,น่าน,NAN,เมืองน่าน,Mueang Nan
5502,55,ภาคเหนือ,น่าน,NAN,แม่จริม,Mae Charim
5503,55,ภาคเหนือ,น่าน,NAN,บ้านหลวง,Ban Luang
5504,55,ภาคเหนือ,น่าน,NAN,นาน้อย,Na Noi
5505,55,ภาคเหนือ,น่าน,NAN,ปัว,Pua
5506,55,ภาคเหนือ,น่าน,NAN,ท่าวังผา,Tha Wang Pha
5507,55,ภาคเหนือ,น่าน,NAN,เวียงสา,Wiang Sa
5508,55,ภาคเหนือ,น่าน,NAN,ทุ่งช้าง,Thung Chang
5509,55,ภาคเหนือ,น่าน,NAN,เชียงกลาง,Chiang Klang
5510,55,ภาคเหนือ,น่าน,NAN,นาหมื่น,Na Muen
5511,55,ภาคเหนือ,น่าน,NAN,สันติสุข,Santi Suk
5512,55,ภาคเหนือ,น่าน,NAN,บ่อเกลือ,Bo Kluea
5513,55,ภาคเหนือ,น่าน,NAN,สองแคว,Song Khwae
5514,55,ภาคเหนือ,น่าน,NAN,ภูเพียง,Phu Phiang
5515,55,ภาคเหนือ,น่าน,NAN,เฉลิมพระเกียรติ,Chaloem Phrakiat
5601,56,ภาคเหนือ,พะเยา,PHAYAO,เมืองพะเยา,Mueang Phayao
5602,56,ภาคเหนือ,พะเยา,PHAYAO,จุน,Chun
5603,56,ภาคเหนือ,พะเยา,PHAYAO,เชียงคำ,Chiang Kham
5604,56,ภาคเหนือ,พะเยา,PHAYAO,เชียงม่วน,Chiang Muan
5605,56,ภาคเหนือ,พะเยา,PHAYAO,ดอกคำใต้,Dok Khamtai
5606,56,ภาคเหนือ,พะเยา,PHAYAO,ปง,Pong
5607,56,ภาคเหนือ,พะเยา,PHAYAO,แม่ใจ,Mae Chai
5608,56,ภาคเหนือ,พะเยา,PHAYAO,ภูซาง,Phu Sang
5609,56,ภาคเหนือ,พะเยา,PHAYAO,ภูกามยาว,Phu Kam Yao
5701,57,ภาคเหนือ,เชียงราย,CHIANG RAI,เมืองเชียงราย,Mueang Chiang Rai
5702,57,ภาคเหนือ,เชียงราย,CHIANG RAI,เวียงชัย,Wiang Chai
5703,57,ภาคเหนือ,เชียงราย,CHIANG RAI,เชียงของ,Chiang Khong
5704,57,ภาคเหนือ,เชียงราย,CHIANG RAI,เทิง,Thoeng
5705,57,ภาคเหนือ,เชียงราย,CHIANG RAI,พาน,Phan
5706,57,ภาคเหนือ,เชียงราย,CHIANG RAI,ป่าแดด,Pa Daet
5707,57,ภาคเหนือ,เชียงราย,CHIANG RAI,แม่จัน,Mae Chan
5708,57,ภาคเหนือ,เชียงราย,CHIANG RAI,เชียงแสน,Chiang Saen
5709,57,ภาคเหนือ,เชียงราย,CHIANG RAI,แม่สาย,Mae Sai
5710,57,ภาคเหนือ,เชียงราย,CHIANG RAI,แม่สรวย,Mae Saruai
5711,57,ภาคเหนือ,เชียงราย,CHIANG RAI,เวียงป่าเป้า,Wiang Pa Pao
5712,57,ภาคเหนือ,เชียงราย,CHIANG RAI,พญาเม็งราย,Phaya Mengrai
5713,57,ภาคเหนือ,เชียงราย,CHIANG RAI,เวียงแก่น,Wiang Kaen
5714,57,ภาคเหนือ,เชียงราย,CHIANG RAI,ขุนตาล,Khun Tan
5715,57,ภาคเหนือ,เชียงราย,CHIANG RAI,แม่ฟ้าหลวง,Mae Fa Luang
5716,57,ภาคเหนือ,เชียงราย,CHIANG RAI,แม่ลาว,Mae Lao
5717,57,ภาคเหนือ,เชียงราย,CHIANG RAI,เวียงเชียงรุ้ง,Wiang Chiang Rung
5718,57,ภาคเหนือ,เชียงราย,CHIANG RAI,ดอยหลวง,Doi Luang
5801,58,ภาคเหนือ,แม่ฮ่องสอน,MAE HONG SON,เมืองแม่ฮ่องสอน,Mueang Mae Hong Son
5802,58,ภาคเหนือ,แม่ฮ่องสอน,MAE HONG SON,ขุนยวม,Khun Yuam
5803,58,ภาคเหนือ,แม่ฮ่องสอน,MAE HONG SON,ปาย,Pai
5804,58,ภาคเหนือ,แม่ฮ่องสอน,MAE HONG SON,แม่สะเรียง,Mae Sariang
5805,58,ภาคเหนือ,แม่ฮ่องสอน,MAE HONG SON,แม่ลาน้อย,Mae La Noi
5806,58,ภาคเหนือ,แม่ฮ่องสอน,MAE HONG SON,สบเมย,Sop Moei
5807,58,ภาคเหนือ,แม่ฮ่องสอน,MAE HONG SON,ปางมะผ้า,Pang Mapha
6001,60,ภาคเหนือ,นครสวรรค์,NAKHON SAWAN,เมืองนครสวรรค์,Mueang Nakhon Sawan
6002,60,ภาคเหนือ,นครสวรรค์,NAKHON SAWAN,โกรกพระ,Krok Phra
6003,60,ภาคเหนือ,นครสวรรค์,NAKHON SAWAN,ชุมแสง,Chum Saeng
6004,60,ภาคเหนือ,นครสวรรค์,NAKHON SAWAN,หนองบัว,Nong Bua
6005,60,ภาคเหนือ,นครสวรรค์,NAKHON SAWAN,บรรพตพิสัย,Banphot Phisai
6006,60,ภาคเหนือ,นครสวรรค์,NAKHON SAWAN,เก้าเลี้ยว,Kao Liao
6007,60,ภาคเหนือ,นครสวรรค์,NAKHON SAWAN,ตาคลี,Ta Khli
6008,60,ภาคเหนือ,นครสวรรค์,NAKHON SAWAN,ท่าตะโก,Tha Tako
6009,60,ภาคเหนือ,นครสวรรค์,NAKHON SAWAN,ไพศาลี,Phaisali
6010,60,ภาคเหนือ,นครสวรรค์,NAKHON SAWAN,พยุหะคีรี,Phayuha Khiri
6011,60,ภาคเหนือ,นครสวรรค์,NAKHON SAWAN,ลาดยาว,Lat Yao
6012,60,ภาคเหนือ,นครสวรรค์,NAKHON SAWAN,ตากฟ้า,Tak Fa
6013,60,ภาคเหนือ,นครสวรรค์,NAKHON SAWAN,แม่วงก์,Mae Wong
6014,60,ภาคเหนือ,นครสวรรค์,NAKHON SAWAN,แม่เปิน,Mae Poen
6015,60,ภาคเหนือ,นครสวรรค์,NAKHON SAWAN,ชุมตาบง,Chum Ta Bong
6101,61,ภาคเหนือ,อุทัยธานี,UTHAI THANI,เมืองอุทัยธานี,Mueang Uthai Thani
6102,61,ภาคเหนือ,อุทัยธานี,UTHAI THANI,ทัพทัน,Thapthan
6103,61,ภาคเหนือ,อุทัยธานี,UTHAI THANI,สว่างอารมณ์,Sawang Arom
6104,61,ภาคเหนือ,อุทัยธานี,UTHAI THANI,หนองฉาง,Nong Chang
6105,61,ภาคเหนือ,อุทัยธานี,UTHAI THANI,หนองขาหย่าง,Nong Kha Yang
6106,61,ภาคเหนือ,อุทัยธานี,UTHAI THANI,บ้านไร่,Ban Rai
6107,61,ภาคเหนือ,อุทัยธานี,UTHAI THANI,ลานสัก,Lan Sak
6108,61,ภาคเหนือ,อุทัยธานี,UTHAI THANI,ห้วยคต,Huai Khot
6201,62,ภาคเหนือ,กำแพงเพชร,KAMPHAENG PHET,เมืองกำแพงเพชร,Mueang Kamphaeng Phet
6202,62,ภาคเหนือ,กำแพงเพชร,KAMPHAENG PHET,ไทรงาม,Sai Ngam
6203,62,ภาคเหนือ,กำแพงเพชร,KAMPHAENG PHET,คลองลาน,Khlong Lan
6204,62,ภาคเหนือ,กำแพงเพชร,KAMPHAENG PHET,ขาณุวรลักษบุรี,Khanu Woralakburi
6205,62,ภาคเหนือ,กำแพงเพชร,KAMPHAENG PHET,คลองขลุง,Khlong Khlung
6206,62,ภาคเหนือ,กำแพงเพชร,KAMPHAENG PHET,พรานกระต่าย,Phran Kratai
6207,62,ภาคเหนือ,กำแพงเพชร,KAMPHAENG PHET,ลานกระบือ,Lan Krabue
6208,62,ภาคเหนือ,กำแพงเพชร,KAMPHAENG PHET,ทรายทองวัฒนา,Sai Thong Watthana
6209,62,ภาคเหนือ,กำแพงเพชร,KAMPHAENG PHET,ปางศิลาทอง,Pang Sila Thong
6210,62,ภาคเหนือ,กำแพงเพชร,KAMPHAENG PHET,บึงสามัคคี,Bueng Samakkhi
6211,62,ภาคเหนือ,กำแพงเพชร,KAMPHAENG PHET,โกสัมพีนคร,Kosamphi Nakhon
6301,63,ภาคเหนือ,ตาก,TAK,เมืองตาก,Mueang Tak
6302,63,ภาคเหนือ,ตาก,TAK,บ้านตาก,Ban Tak
6303,63,ภาคเหนือ,ตาก,TAK,สามเงา,Sam Ngao
6304,63,ภาคเหนือ,ตาก,TAK,แม่ระมาด,Mae Ramat
6305,63,ภาคเหนือ,ตาก,TAK,ท่าสองยาง,Tha Song Yang
6306,63,ภาคเหนือ,ตาก,TAK,แม่สอด,Mae Sot
6307,63,ภาคเหนือ,ตาก,TAK,พบพระ,Phop Phra
6308,63,ภาคเหนือ,ตาก,TAK,อุ้มผาง,Um Phang
6309,63,ภาคเหนือ,ตาก,TAK,วังเจ้า,Wang Chao
6401,64,ภาคเหนือ,สุโขทัย,SUKHOTHAI,เมืองสุโขทัย,Mueang Sukhothai
6402,64,ภาคเหนือ,สุโขทัย,SUKHOTHAI,บ้านด่านลานหอย,Ban Dan Lan Hoi
6403,64,ภาคเหนือ,สุโขทัย,SUKHOTHAI,คีรีมาศ,Khiri Mat
6404,64,ภาคเหนือ,สุโขทัย,SUKHOTHAI,กงไกรลาศ,Kong Krailat
6405,64,ภาคเหนือ,สุโขทัย,SUKHOTHAI,ศรีสัชนาลัย,Si Satchanalai
6406,64,ภาคเหนือ,สุโขทัย,SUKHOTHAI,ศรีสำโรง,Si Samrong
6407,64,ภาคเหนือ,สุโขทัย,SUKHOTHAI,สวรรคโลก,Sawankhalok
6408,64,ภาคเหนือ,สุโขทัย,SUKHOTHAI,ศรีนคร,Si Nakhon
6409,64,ภาคเหนือ,สุโขทัย,SUKHOTHAI,ทุ่งเสลี่ยม,Thung Saliam
6501,65,ภาคเหนือ,พิษณุโลก,PHITSANULOK,เมืองพิษณุโลก,Mueang Phitsanulok
6502,65,ภาคเหนือ,พิษณุโลก,PHITSANULOK,นครไทย,Nakhon Thai
6503,65,ภาคเหนือ,พิษณุโลก,PHITSANULOK,ชาติตระการ,Chat Trakan
6504,65,ภาคเหนือ,พิษณุโลก,PHITSANULOK,บางระกำ,Bang Rakam
6505,65,ภาคเหนือ,พิษณุโลก,PHITSANULOK,บางกระทุ่ม,Bang Krathum
6506,65,ภาคเหนือ,พิษณุโลก,PHITSANULOK,พรหมพิราม,Phrom Phiram
6507,65,ภาคเหนือ,พิษณุโลก,PHITSANULOK,วัดโบสถ์,Wat Bot
6508,65,ภาคเหนือ,พิษณุโลก,PHITSANULOK,วังทอง,Wang Thong
6509,65,ภาคเหนือ,พิษณุโลก,PHITSANULOK,เนินมะปราง,Noen Maprang
6601,66,ภาคเหนือ,พิจิตร,PHICHIT,เมืองพิจิตร,Mueang Phichit
6602,66,ภาคเหนือ,พิจิตร,PHICHIT,วังทรายพูน,Wang Sai Phun
6603,66,ภาคเหนือ,พิจิตร,PHICHIT,โพธิ์ประทับช้าง,Pho Prathap Chang
6604,66,ภาคเหนือ,พิจิตร,PHICHIT,ตะพานหิน,Taphan Hin
6605,66,ภาคเหนือ,พิจิตร,PHICHIT,บางมูลนาก,Bang Mun Nak
6606,66,ภาคเหนือ,พิจิตร,PHICHIT,โพทะเล,Pho Thale
6607,66,ภาคเหนือ,พิจิตร,PHICHIT,สามง่าม,Sam Ngam
6608,66,ภาคเหนือ,พิจิตร,PHICHIT,ทับคล้อ,Thap Khlo
6609,66,ภาคเหนือ,พิจิตร,PHICHIT,สากเหล็ก,Sak Lek
6610,66,ภาคเหนือ,พิจิตร,PHICHIT,บึงนาราง,Bueng Na Rang
6611,66,ภาคเหนือ,พิจิตร,PHICHIT,ดงเจริญ,Dong Charoen
6612,66,ภาคเหนือ,พิจิตร,PHICHIT,วชิรบารมี,Wachira Barami
6701,67,ภาคเหนือ,เพชรบูรณ์,PHETCHABUN,เมืองเพชรบูรณ์,Mueang Phetchabun
6702,67,ภาคเหนือ,เพชรบูรณ์,PHETCHABUN,ชนแดน,Chon Daen
6703,67,ภาคเหนือ,เพชรบูรณ์,PHETCHABUN,หล่มสัก,Lom Sak
6704,67,ภาคเหนือ,เพชรบูรณ์,PHETCHABUN,หล่มเก่า,Lom Kao
6705,67,ภาคเหนือ,เพชรบูรณ์,PHETCHABUN,วิเชียรบุรี,Wichian Buri
6706,67,ภาคเหนือ,เพชรบูรณ์,PHETCHABUN,ศรีเทพ,Si Thep
6707,67,ภาคเหนือ,เพชรบูรณ์,PHETCHABUN,หนองไผ่,Nong Phai
6708,67,ภาคเหนือ,เพชรบูรณ์,PHETCHABUN,บึงสามพัน,Bueng Sam Phan
6709,67,ภาคเหนือ,เพชรบูรณ์,PHETCHABUN,น้ำหนาว,Nam Nao
6710,67,ภาคเหนือ,เพชรบูรณ์,PHETCHABUN,วังโป่ง,Wang Pong
6711,67,ภาคเหนือ,เพชรบูรณ์,PHETCHABUN,เขาค้อ,Khao Kho
7001,70,ภาคกลาง,ราชบุรี,RATCHABURI,เมืองราชบุรี,Mueang Ratchaburi
7002,70,ภาคกลาง,ราชบุรี,RATCHABURI,จอมบึง,Chom Bueng
7003,70,ภาคกลาง,ราชบุรี,RATCHABURI,สวนผึ้ง,Suan Phueng
7004,70,ภาคกลาง,ราชบุรี,RATCHABURI,ดำเนินสะดวก,Damnoen Saduak
7005,70,ภาคกลาง,ราชบุรี,RATCHABURI,บ้านโป่ง,Ban Pong
7006,70,ภาคกลาง,ราชบุรี,RATCHABURI,บางแพ,Bang Phae
7007,70,ภาคกลาง,ราชบุรี,RATCHABURI,โพธาราม,Photharam
7008,70,ภาคกลาง,ราชบุรี,RATCHABURI,ปากท่อ,Pak Tho
7009,70,ภาคกลาง,ราชบุรี,RATCHABURI,วัดเพลง,Wat Phleng
7010,70,ภาคกลาง,ราชบุรี,RATCHABURI,บ้านคา,Ban Kha
7101,71,ภาคกลาง,กาญจนบุรี,KANCHANABURI,เมืองกาญจนบุรี,Mueang Kanchanaburi
7102,71,ภาคกลาง,กาญจนบุรี,KANCHANABURI,ไทรโยค,Sai Yok
7103,71,ภาคกลาง,กาญจนบุรี,KANCHANABURI,บ่อพลอย,Bo Phloi
7104,71,ภาคกลาง,กาญจนบุรี,KANCHANABURI,ศรีสวัสดิ์,Si Sawat
7105,71,ภาคกลาง,กาญจนบุรี,KANCHANABURI,ท่ามะกา,Tha Maka
7106,71,ภาคกลาง,กาญจนบุรี,KANCHANABURI,ท่าม่วง,Tha Muang
7107,71,ภาคกลาง,กาญจนบุรี,KANCHANABURI,ทองผาภูมิ,Thong Pha Phum
7108,71,ภาคกลาง,กาญจนบุรี,KANCHANABURI,สังขละบุรี,Sangkhla Buri
7109,71,ภาคกลาง,กาญจนบุรี,KANCHANABURI,พนมทวน,Phanom Thuan
7110,71,ภาคกลาง,กาญจนบุรี,KANCHANABURI,เลาขวัญ,Lao Khwan
7111,71,ภาคกลาง,กาญจนบุรี,KANCHANABURI,ด่านมะขามเตี้ย,Dan Makham Tia
7112,71,ภาคกลาง,กาญจนบุรี,KANCHANABURI,หนองปรือ,Nong Prue
7113,71,ภาคกลาง,กาญจนบุรี,KANCHANABURI,ห้วยกระเจา,Huai Krachao
7201,72,ภาคกลาง,สุพรรณบุรี,SUPHAN BURI,เมืองสุพรรณบุรี,Mueang Suphan Buri
7202,72,ภาคกลาง,สุพรรณบุรี,SUPHAN BURI,เดิมบางนางบวช,Doem Bang Nang Buat
7203,72,ภาคกลาง,สุพรรณบุรี,SUPHAN BURI,ด่านช้าง,Dan Chang
7204,72,ภาคกลาง,สุพรรณบุรี,SUPHAN BURI,บางปลาม้า,Bang Pla Ma
7205,72,ภาคกลาง,สุพรรณบุรี,SUPHAN BURI,ศรีประจันต์,Si Prachan
7206,72,ภาคกลาง,สุพรรณบุรี,SUPHAN BURI,ดอนเจดีย์,Don Chedi
7207,72,ภาคกลาง,สุพรรณบุรี,SUPHAN BURI,สองพี่น้อง,Song Phi Nong
7208,72,ภาคกลาง,สุพรรณบุรี,SUPHAN BURI,สามชุก,Sam Chuk
7209,72,ภาคกลาง,สุพรรณบุรี,SUPHAN BURI,อู่ทอง,U Thong
7210,72,ภาคกลาง,สุพรรณบุรี,SUPHAN BURI,หนองหญ้าไซ,Nong Ya Sai
7301,73,ภาคกลาง,นครปฐม,NAKHON PATHOM,เมืองนครปฐม,Mueang Nakhon Pathom
7302,73,ภาคกลาง,นครปฐม,NAKHON PATHOM,กำแพงแสน,Kamphaeng Saen
7303,73,ภาคกลาง,นครปฐม,NAKHON PATHOM,นครชัยศรี,Nakhon Chai Si
7304,73,ภาคกลาง,นครปฐม,NAKHON PATHOM,ดอนตูม,Don Tum
7305,73,ภาคกลาง,นครปฐม,NAKHON PATHOM,บางเลน,Bang Len
7306,73,ภาคกลาง,นครปฐม,NAKHON PATHOM,สามพราน,Sam Phran
7307,73,ภาคกลาง,นครปฐม,NAKHON PATHOM,พุทธมณฑล,Phuttha Monthon
7401,74,ภาคกลาง,สมุทรสาคร,SAMUT SAKHON,เมืองสมุทรสาคร,Mueang Samut Sakhon
7402,74,ภาคกลาง,สมุทรสาคร,SAMUT SAKHON,กระทุ่มแบน,Krathum Baen
7403,74,ภาคกลาง,สมุทรสาคร,SAMUT SAKHON,บ้านแพ้ว,Ban Phaeo
7501,75,ภาคกลาง,สมุทรสงคราม,SAMUT SONGKHRAM,เมืองสมุทรสงคราม,Mueang Samut Songkhram
7502,75,ภาคกลาง,สมุทรสงคราม,SAMUT SONGKHRAM,บางคนที,Bang Khonthi
7503,75,ภาคกลาง,สมุทรสงคราม,SAMUT SONGKHRAM,อัมพวา,Amphawa
7601,76,ภาคกลาง,เพชรบุรี,PHETCHABURI,เมืองเพชรบุรี,Mueang Phetchaburi
7602,76,ภาคกลาง,เพชรบุรี,PHETCHABURI,เขาย้อย,Khao Yoi
7603,76,ภาคกลาง,เพชรบุรี,PHETCHABURI,หนองหญ้าปล้อง,Nong Ya Plong
7604,76,ภาคกลาง,เพชรบุรี,PHETCHABURI,ชะอำ,Cha-Am
7605,76,ภาคกลาง,เพชรบุรี,PHETCHABURI,ท่ายาง,Tha Yang
7606,76,ภาคกลาง,เพชรบุรี,PHETCHABURI,บ้านลาด,Ban Lat
7607,76,ภาคกลาง,เพชรบุรี,PHETCHABURI,บ้านแหลม,Ban Laem
7608,76,ภาคกลาง,เพชรบุรี,PHETCHABURI,แก่งกระจาน,Kaeng Krachan
7701,77,ภาคกลาง,ประจวบคีรีขันธ์,PRACHUAP KHIRI KHAN,เมืองประจวบคีรีขันธ์,Mueang Prachuap Khiri Khan
7702,77,ภาคกลาง,ประจวบคีรีขันธ์,PRACHUAP KHIRI KHAN,กุยบุรี,Kui Buri
7703,77,ภาคกลาง,ประจวบคีรีขันธ์,PRACHUAP KHIRI KHAN,ทับสะแก,Thap Sakae
7704,77,ภาคกลาง,ประจวบคีรีขันธ์,PRACHUAP KHIRI KHAN,บางสะพาน,Bang Saphan
7705,77,ภาคกลาง,ประจวบคีรีขันธ์,PRACHUAP KHIRI KHAN,บางสะพานน้อย,Bang Saphan Noi
7706,77,ภาคกลาง,ประจวบคีรีขันธ์,PRACHUAP KHIRI KHAN,ปราณบุรี,Pran Buri
7707,77,ภาคกลาง,ประจวบคีรีขันธ์,PRACHUAP KHIRI KHAN,หัวหิน,Hua Hin
7708,77,ภาคกลาง,ประจวบคีรีขันธ์,PRACHUAP KHIRI KHAN,สามร้อยยอด,Sam Roi Yot
8001,80,ภาคใต้,นครศรีธรรมราช,NAKHON SI THAMMARAT,เมืองนครศรีธรรมราช,Mueang Nakhon Si Thammarat
8002,80,ภาคใต้,นครศรีธรรมราช,NAKHON SI THAMMARAT,พรหมคีรี,Phrom Khiri
8003,80,ภาคใต้,นครศรีธรรมราช,NAKHON SI THAMMARAT,ลานสกา,Lan Saka
8004,80,ภาคใต้,นครศรีธรรมราช,NAKHON SI THAMMARAT,ฉวาง,Chawang
8005,80,ภาคใต้,นครศรีธรรมราช,NAKHON SI THAMMARAT,พิปูน,Phipun
8006,80,ภาคใต้,นครศรีธรรมราช,NAKHON SI THAMMARAT,เชียรใหญ่,Chian Yai
8007,80,ภาคใต้,นครศรีธรรมราช,NAKHON SI THAMMARAT,ชะอวด,Cha-Uat
8008,80,ภาคใต้,นครศรีธรรมราช,NAKHON SI THAMMARAT,ท่าศาลา,Tha Sala
8009,80,ภาคใต้,นครศรีธรรมราช,NAKHON SI THAMMARAT,ทุ่งสง,Thung Song
8010,80,ภาคใต้,นครศรีธรรมราช,NAKHON SI THAMMARAT,นาบอน,Na Bon
8011,80,ภาคใต้,นครศรีธรรมราช,NAKHON SI THAMMARAT,ทุ่งใหญ่,Thung Yai
8012,80,ภาคใต้,นครศรีธรรมราช,NAKHON SI THAMMARAT,ปากพนัง,Pak Phanang
8013,80,ภาคใต้,นครศรีธรรมราช,NAKHON SI THAMMARAT,ร่อนพิบูลย์,Ron Phibun
8014,80,ภาคใต้,นครศรีธรรมราช,NAKHON SI THAMMARAT,สิชล,Sichon
8015,80,ภาคใต้,นครศรีธรรมราช,NAKHON SI THAMMARAT,ขนอม,Khanom
8016,80,ภาคใต้,นครศรีธรรมราช,NAKHON SI THAMMARAT,หัวไทร,Hua Sai
8017,80,ภาคใต้,นครศรีธรรมราช,NAKHON SI THAMMARAT,บางขัน,Bang Khan
8018,80,ภาคใต้,นครศรีธรรมราช,NAKHON SI THAMMARAT,ถ้ำพรรณรา,Tham Phannara
8019,80,ภาคใต้,นครศรีธรรมราช,NAKHON SI THAMMARAT,จุฬาภรณ์,Chulaphon
8020,80,ภาคใต้,นครศรีธรรมราช,NAKHON SI THAMMARAT,พระพรหม,Phra Phrom
8021,80,ภาคใต้,นครศรีธรรมราช,NAKHON SI THAMMARAT,นบพิตำ,King Amphoe Nopphitam
8022,80,ภาคใต้,นครศรีธรรมราช,NAKHON SI THAMMARAT,ช้างกลาง,King Amphoe Chang Klang
8023,80,ภาคใต้,นครศรีธรรมราช,NAKHON SI THAMMARAT,เฉลิมพระเกียรติ,Chaloem Phrakiat
8101,81,ภาคใต้,กระบี่,KRABI,เมืองกระบี่,Mueang Krabi
8102,81,ภาคใต้,กระบี่,KRABI,เขาพนม,Khao Phanom
8103,81,ภาคใต้,กระบี่,KRABI,เกาะลันตา,Ko Lanta
8104,81,ภาคใต้,กระบี่,KRABI,คลองท่อม,Khlong Thom
8105,81,ภาคใต้,กระบี่,KRABI,อ่าวลึก,Ao Luek
8106,81,ภาคใต้,กระบี่,KRABI,ปลายพระยา,Plai Phraya
8107,81,ภาคใต้,กระบี่,KRABI,ลำทับ,Lam Thap
8108,81,ภาคใต้,กระบี่,KRABI,เหนือคลอง,Nuea Khlong
8201,82,ภาคใต้,พังงา,PHANGNGA,เมืองพังงา,Mueang Phangnga
8202,82,ภาคใต้,พังงา,PHANGNGA,เกาะยาว,Ko Yao
8203,82,ภาคใต้,พังงา,PHANGNGA,กะปง,Kapong
8204,82,ภาคใต้,พังงา,PHANGNGA,ตะกั่วทุ่ง,Takua Thung
8205,82,ภาคใต้,พังงา,PHANGNGA,ตะกั่วป่า,Takua Pa
8206,82,ภาคใต้,พังงา,PHANGNGA,คุระบุรี,Khura Buri
8207,82,ภาคใต้,พังงา,PHANGNGA,ทับปุด,Thap Put
8208,82,ภาคใต้,พังงา,PHANGNGA,ท้ายเหมือง,Thai Mueang
8301,83,ภาคใต้,ภูเก็ต,PHUKET,เมืองภูเก็ต,Mueang Phuket
8302,83,ภาคใต้,ภูเก็ต,PHUKET,กะทู้,Kathu
8303,83,ภาคใต้,ภูเก็ต,PHUKET,ถลาง,Thalang
8401,84,ภาคใต้,สุราษฎร์ธานี,SURAT THANI,เมืองสุราษฎร์ธานี,Mueang Surat Thani
8402,84,ภาคใต้,สุราษฎร์ธานี,SURAT THANI,กาญจนดิษฐ์,Kanchanadit
8403,84,ภาคใต้,สุราษฎร์ธานี,SURAT THANI,ดอนสัก,Don Sak
8404,84,ภาคใต้,สุราษฎร์ธานี,SURAT THANI,เกาะสมุย,Ko Samui
8405,84,ภาคใต้,สุราษฎร์ธานี,SURAT THANI,เกาะพะงัน,Ko Pha-Ngan
8406,84,ภาคใต้,สุราษฎร์ธานี,SURAT THANI,ไชยา,Chaiya
8407,84,ภาคใต้,สุราษฎร์ธานี,SURAT THANI,ท่าชนะ,Tha Chana
8408,84,ภาคใต้,สุราษฎร์ธานี,SURAT THANI,คีรีรัฐนิคม,Khiri Rat Nikhom
8409,84,ภาคใต้,สุราษฎร์ธานี,SURAT THANI,บ้านตาขุน,Ban Ta Khun
8410,84,ภาคใต้,สุราษฎร์ธานี,SURAT THANI,พนม,Phanom
8411,84,ภาคใต้,สุราษฎร์ธานี,SURAT THANI,ท่าฉาง,Tha Chang
8412,84,ภาคใต้,สุราษฎร์ธานี,SURAT THANI,บ้านนาสาร,Ban Na San
8413,84,ภาคใต้,สุราษฎร์ธานี,SURAT THANI,บ้านนาเดิม,Ban Na Doem
8414,84,ภาคใต้,สุราษฎร์ธานี,SURAT THANI,เคียนซา,Khian Sa
8415,84,ภาคใต้,สุราษฎร์ธานี,SURAT THANI,เวียงสระ,Wiang Sa
8416,84,ภาคใต้,สุราษฎร์ธานี,SURAT THANI,พระแสง,Phra Saeng
8417,84,ภาคใต้,สุราษฎร์ธานี,SURAT THANI,พุนพิน,Phunphin
8418,84,ภาคใต้,สุราษฎร์ธานี,SURAT THANI,ชัยบุรี,Chai Buri
8419,84,ภาคใต้,สุราษฎร์ธานี,SURAT THANI,วิภาวดี,Vibhavadi
8501,85,ใต้,ระนอง,RANONG,เมืองระนอง,Mueang Ranong
8502,85,ใต้,ระนอง,RANONG,ละอุ่น,La-Un
8503,85,ใต้,ระนอง,RANONG,กะเปอร์,Kapoe
8504,85,ใต้,ระนอง,RANONG,กระบุรี,Kra Buri
8505,85,ใต้,ระนอง,RANONG,สุขสำราญ,Suk Samran
8601,86,ภาคใต้,ชุมพร,CHUMPHON,เมืองชุมพร,Mueang Chumphon
8602,86,ภาคใต้,ชุมพร,CHUMPHON,ท่าแซะ,Tha Sae
8603,86,ภาคใต้,ชุมพร,CHUMPHON,ปะทิว,Pathio
8604,86,ภาคใต้,ชุมพร,CHUMPHON,หลังสวน,Lang Suan
8605,86,ภาคใต้,ชุมพร,CHUMPHON,ละแม,Lamae
8606,86,ภาคใต้,ชุมพร,CHUMPHON,พะโต๊ะ,Phato
8607,86,ภาคใต้,ชุมพร,CHUMPHON,สวี,Sawi
8608,86,ภาคใต้,ชุมพร,CHUMPHON,ทุ่งตะโก,Thung Tako
9001,90,ภาคใต้,สงขลา,SONGKHLA,เมืองสงขลา,Mueang Songkhla
9002,90,ภาคใต้,สงขลา,SONGKHLA,สทิงพระ,Sathing Phra
9003,90,ภาคใต้,สงขลา,SONGKHLA,จะนะ,Chana
9004,90,ภาคใต้,สงขลา,SONGKHLA,นาทวี,Na Thawi
9005,90,ภาคใต้,สงขลา,SONGKHLA,เทพา,Thepha
9006,90,ภาคใต้,สงขลา,SONGKHLA,สะบ้าย้อย,Saba Yoi
9007,90,ภาคใต้,สงขลา,SONGKHLA,ระโนด,Ranot
9008,90,ภาคใต้,สงขลา,SONGKHLA,กระแสสินธุ์,Krasae Sin
9009,90,ภาคใต้,สงขลา,SONGKHLA,รัตภูมิ,Rattaphum
9010,90,ภาคใต้,สงขลา,SONGKHLA,สะเดา,Sadao
9011,90,ภาคใต้,สงขลา,SONGKHLA,หาดใหญ่,Hat Yai
9012,90,ภาคใต้,สงขลา,SONGKHLA,นาหม่อม,Na Mom
9013,90,ภาคใต้,สงขลา,SONGKHLA,ควนเนียง,Khuan Niang
9014,90,ภาคใต้,สงขลา,SONGKHLA,บางกล่ำ,Bang Klam
9015,90,ภาคใต้,สงขลา,SONGKHLA,สิงหนคร,Singhanakhon
9016,90,ภาคใต้,สงขลา,SONGKHLA,คลองหอยโข่ง,Khlong Hoi Khong
9101,91,ภาคใต้,สตูล,SATUN,เมืองสตูล,Mueang Satun
9102,91,ภาคใต้,สตูล,SATUN,ควนโดน,Khuan Don
9103,91,ภาคใต้,สตูล,SATUN,ควนกาหลง,Khuan Kalong
9104,91,ภาคใต้,สตูล,SATUN,ท่าแพ,Tha Phae
9105,91,ภาคใต้,สตูล,SATUN,ละงู,La-Ngu
9106,91,ภาคใต้,สตูล,SATUN,ทุ่งหว้า,Thung Wa
9107,91,ภาคใต้,สตูล,SATUN,มะนัง,Manang
9201,92,ภาคใต้,ตรัง,TRANG,เมืองตรัง,Mueang Trang
9202,92,ภาคใต้,ตรัง,TRANG,กันตัง,Kantang
9203,92,ภาคใต้,ตรัง,TRANG,ย่านตาขาว,Yan Ta Khao
9204,92,ภาคใต้,ตรัง,TRANG,ปะเหลียน,Palian
9205,92,ภาคใต้,ตรัง,TRANG,สิเกา,Sikao
9206,92,ภาคใต้,ตรัง,TRANG,ห้วยยอด,Huai Yot
9207,92,ภาคใต้,ตรัง,TRANG,วังวิเศษ,Wang Wiset
9208,92,ภาคใต้,ตรัง,TRANG,นาโยง,Na Yong
9209,92,ภาคใต้,ตรัง,TRANG,รัษฎา,Ratsada
9210,92,ภาคใต้,ตรัง,TRANG,หาดสำราญ,Hat Samran
9301,93,ภาคใต้,พัทลุง,PHATTHALUNG,เมืองพัทลุง,Mueang Phatthalung
9302,93,ภาคใต้,พัทลุง,PHATTHALUNG,กงหรา,Kong Ra
9303,93,ภาคใต้,พัทลุง,PHATTHALUNG,เขาชัยสน,Khao Chaison
9304,93,ภาคใต้,พัทลุง,PHATTHALUNG,ตะโหมด,Tamot
9305,93,ภาคใต้,พัทลุง,PHATTHALUNG,ควนขนุน,Khuan Khanun
9306,93,ภาคใต้,พัทลุง,PHATTHALUNG,ปากพะยูน,Pak Phayun
9307,93,ภาคใต้,พัทลุง,PHATTHALUNG,ศรีบรรพต,Si Banphot
9308,93,ภาคใต้,พัทลุง,PHATTHALUNG,ป่าบอน,Pa Bon
9309,93,ภาคใต้,พัทลุง,PHATTHALUNG,บางแก้ว,Bang Kaeo
9310,93,ภาคใต้,พัทลุง,PHATTHALUNG,ป่าพะยอม,Pa Phayom
9311,93,ภาคใต้,พัทลุง,PHATTHALUNG,ศรีนครินทร์,Srinagarindra
9401,94,ภาคใต้ชายแดน,ปัตตานี,PATTANI,เมืองปัตตานี,Mueang Pattani
9402,94,ภาคใต้ชายแดน,ปัตตานี,PATTANI,โคกโพธิ์,Khok Pho
9403,94,ภาคใต้ชายแดน,ปัตตานี,PATTANI,หนองจิก,Nong Chik
9404,94,ภาคใต้ชายแดน,ปัตตานี,PATTANI,ปะนาเระ,Panare
9405,94,ภาคใต้ชายแดน,ปัตตานี,PATTANI,มายอ,Mayo
9406,94,ภาคใต้ชายแดน,ปัตตานี,PATTANI,ทุ่งยางแดง,Thung Yang Daeng
9407,94,ภาคใต้ชายแดน,ปัตตานี,PATTANI,สายบุรี,Sai Buri
9408,94,ภาคใต้ชายแดน,ปัตตานี,PATTANI,ไม้แก่น,Mai Kaen
9409,94,ภาคใต้ชายแดน,ปัตตานี,PATTANI,ยะหริ่ง,Yaring
9410,94,ภาคใต้ชายแดน,ปัตตานี,PATTANI,ยะรัง,Yarang
9411,94,ภาคใต้ชายแดน,ปัตตานี,PATTANI,กะพ้อ,Kapho
9412,94,ภาคใต้ชายแดน,ปัตตานี,PATTANI,แม่ลาน,Mae Lan
9501,95,ภาคใต้ชายแดน,ยะลา,YALA,เมืองยะลา,Mueang Yala
9502,95,ภาคใต้ชายแดน,ยะลา,YALA,เบตง,Betong
9503,95,ภาคใต้ชายแดน,ยะลา,YALA,บันนังสตา,Bannang Sata
9504,95,ภาคใต้ชายแดน,ยะลา,YALA,ธารโต,Than To
9505,95,ภาคใต้ชายแดน,ยะลา,YALA,ยะหา,Yaha
9506,95,ภาคใต้ชายแดน,ยะลา,YALA,รามัน,Raman
9507,95,ภาคใต้ชายแดน,ยะลา,YALA,กาบัง,Kabang
9508,95,ภาคใต้ชายแดน,ยะลา,YALA,กรงปินัง,Krong Pinang
9601,96,ภาคใต้ชายแดน,นราธิวาส,NARATHIWAT,เมืองนราธิวาส,Mueang Narathiwat
9602,96,ภาคใต้ชายแดน,นราธิวาส,NARATHIWAT,ตากใบ,Tak Bai
9603,96,ภาคใต้ชายแดน,นราธิวาส,NARATHIWAT,บาเจาะ,Bacho
9604,96,ภาคใต้ชายแดน,นราธิวาส,NARATHIWAT,ยี่งอ,Yi-Ngo
9605,96,ภาคใต้ชายแดน,นราธิวาส,NARATHIWAT,ระแงะ,Ra-Ngae
9606,96,ภาคใต้ชายแดน,นราธิวาส,NARATHIWAT,รือเสาะ,Rueso
9607,96,ภาคใต้ชายแดน,นราธิวาส,NARATHIWAT,ศรีสาคร,Si Sakhon
9608,96,ภาคใต้ชายแดน,นราธิวาส,NARATHIWAT,แว้ง,Waeng
9609,96,ภาคใต้ชายแดน,นราธิวาส,NARATHIWAT,สุคิริน,Sukhirin
9610,96,ภาคใต้ชายแดน,นราธิวาส,NARATHIWAT,สุไหงโก-ลก,Su-Ngai Kolok
9611,96,ภาคใต้ชายแดน,นราธิวาส,NARATHIWAT,สุไหงปาดี,Su-Ngai Padi
9612,96,ภาคใต้ชายแดน,นราธิวาส,NARATHIWAT,จะแนะ,Chanae
9613,96,ภาคใต้ชายแดน,นราธิวาส,NARATHIWAT,เจาะไอร้อง,Cho-Ai Rong
